ueId,rnti,inSync,dlBytes,dlMcs,dlBler,ulBytes,ulMcs,ulBler,ri,pmi,phr,pcmax,rsrq,sinr,rsrp,rssi,cqi,pucchSnr,puschSnr,id,frame,slot,pci,dlCarrierFreq,ulCarrierFreq,avgLdpcIterations,timestamp
0,c601,1,401,9,0.1,460,9,0.081,1,"(0,0)",48,22,,,-83,100.7,15,40,33.5,12345678,275,19,0,3750240000,3750240000,3.0,1740770808131
17,c601,1,2001,9,0.081,4746,6,0.345216,1,"(0,0)",52,22,-11,12.5,-89,96.4,15,40,29.0,12345678,375,19,0,3750240000,3750240000,4.1,1740770809131
17,c601,1,2419,9,0.0729,6087,6,0.385365,1,"(0,0)",52,22,-11,12,-89,86.0,15,40,21.5,12345678,475,19,0,3750240000,3750240000,3.0,1740770810131
17,c601,1,2853,9,0.059049,7545,6,0.432009,1,"(0,0)",52,22,-11,12,-89,82.7,15,37,15.0,12345678,575,19,0,3750240000,3750240000,3.0,1740770811131
17,c601,1,3271,9,0.04783,9035,6,0.483814,1,"(0,0)",52,22,-11,12,-89,83.6,15,38,17.5,12345678,675,19,0,3750240000,3750240000,3.0,1740770812131
17,c601,1,3705,9,0.038742,10493,6,0.451406,1,"(0,0)",52,22,-11,12,-89,82.7,15,33,15.5,12345678,775,19,0,3750240000,3750240000,3.0,1740770813131
17,c601,1,4123,9,0.031381,11983,6,0.490577,1,"(0,0)",52,22,-11,12,-89,82.7,15,31,16.5,12345678,875,19,0,3750240000,3750240000,3.0,1740770814131
17,c601,1,4557,9,0.025419,13308,6,0.453764,1,"(0,0)",52,22,-11,11.5,-89,82.6,15,30,16.0,12345678,975,19,0,3750240000,3750240000,3.0,1740770815131
17,c601,1,4975,9,0.020589,14782,6,0.434888,1,"(0,0)",52,22,-11,12,-89,81.8,15,27,14.0,12345678,51,19,0,3750240000,3750240000,3.0,1740770816131
17,c601,1,5409,9,0.016677,16256,6,0.504501,1,"(0,0)",52,22,-11,12,-89,82.8,15,25,16.0,12345678,151,19,0,3750240000,3750240000,3.0,1740770817131
17,c601,1,5827,9,0.013509,17730,6,0.434999,1,"(0,0)",52,22,-11,12,-89,81.7,15,22,14.5,12345678,251,19,0,3750240000,3750240000,3.0,1740770818131
17,c601,1,6261,9,0.010942,19204,6,0.50454,1,"(0,0)",52,22,-11,12,-89,82.5,15,22,16.0,12345678,351,19,0,3750240000,3750240000,3.0,1740770819131
17,c601,1,6679,9,0.008863,20545,6,0.218969,1,"(0,0)",52,22,-11,11.5,-89,86.0,15,19,20.5,12345678,451,19,0,3750240000,3750240000,3.0,1740770820131
17,c601,1,7113,9,0.007179,22003,6,0.084833,1,"(0,0)",52,22,-11,12,-89,86.0,15,16,9.0,12345678,551,19,0,3750240000,3750240000,3.1,1740770821131
17,c601,1,7531,9,0.005815,23493,6,0.029579,1,"(0,0)",52,22,-11,12,-89,85.8,15,18,20.0,12345678,651,19,0,3750240000,3750240000,3.0,1740770822131
17,c601,1,7965,9,0.00471,24951,6,0.010314,1,"(0,0)",52,22,-11,11.5,-89,84.8,15,18,8.0,12345678,751,19,0,3750240000,3750240000,3.1,1740770823131
17,c601,1,8383,9,0.003815,26441,6,0.003596,1,"(0,0)",52,22,-11,12,-89,85.5,15,16,19.5,12345678,851,19,0,3750240000,3750240000,3.1,1740770824131
17,c601,1,8817,9,0.00309,27766,6,0.001254,1,"(0,0)",52,22,-11,12,-89,85.7,15,17,19.5,12345678,951,19,0,3750240000,3750240000,3.0,1740770825131
17,c601,1,9235,9,0.002503,29240,6,0.000486,1,"(0,0)",52,22,-11,12,-89,86.0,15,17,11.0,12345678,27,19,0,3750240000,3750240000,3.2,1740770826131
17,c601,1,9669,9,0.002028,30714,6,0.000169,1,"(0,0)",52,22,-11,11.5,-89,85.6,15,18,19.0,12345678,127,19,0,3750240000,3750240000,3.1,1740770827131
17,c601,1,10087,9,0.001642,32188,6,5.9e-05,1,"(0,0)",52,22,-11,12,-89,84.8,15,15,9.5,12345678,227,19,0,3750240000,3750240000,3.0,1740770828131
17,c601,1,10521,9,0.00133,33662,6,2.1e-05,1,"(0,0)",52,22,-11,12,-89,85.7,15,16,19.0,12345678,327,19,0,3750240000,3750240000,3.0,1740770829131
17,c601,1,10939,9,0.001078,35003,6,7e-06,1,"(0,0)",52,22,-11,12,-89,84.7,15,15,18.0,12345678,427,19,0,3750240000,3750240000,3.1,1740770830131
17,c601,1,11373,9,0.000873,36461,6,3e-06,1,"(0,0)",52,22,-11,12,-89,85.0,15,16,10.0,12345678,527,19,0,3750240000,3750240000,3.0,1740770831131
17,c601,1,11791,9,0.000707,37951,6,1e-06,1,"(0,0)",52,22,-11,11.5,-89,84.7,15,16,17.0,12345678,627,19,0,3750240000,3750240000,3.0,1740770832131
17,c601,1,12225,9,0.000573,39409,6,0.0,1,"(0,0)",52,22,-11,12,-89,84.8,15,15,10.0,12345678,727,19,0,3750240000,3750240000,3.2,1740770833131
17,c601,1,12643,9,0.000464,40899,6,0.0,1,"(0,0)",52,22,-11,12,-89,84.5,15,16,17.5,12345678,827,19,0,3750240000,3750240000,3.0,1740770834131
17,c601,1,13077,9,0.000376,42224,6,0.0,1,"(0,0)",52,22,-11,11.5,-89,85.9,15,18,19.5,12345678,927,19,0,3750240000,3750240000,3.0,1740770835131
17,c601,1,13495,9,0.000304,43698,6,0.0,1,"(0,0)",52,22,-11,12,-89,83.8,15,18,9.0,12345678,3,19,0,3750240000,3750240000,3.0,1740770836131
17,c601,1,13929,9,0.000247,45172,6,0.0,1,"(0,0)",52,22,-11,11.5,-89,84.7,15,16,18.0,12345678,103,19,0,3750240000,3750240000,3.0,1740770837131
17,c601,1,14347,9,0.0002,46646,6,0.0,1,"(0,0)",52,22,-11,12,-89,84.0,15,15,9.5,12345678,203,19,0,3750240000,3750240000,3.0,1740770838131
17,c601,1,14781,9,0.000162,48120,6,0.0,1,"(0,0)",52,22,-11,11.5,-89,85.7,15,14,19.5,12345678,303,19,0,3750240000,3750240000,3.0,1740770839131
17,c601,1,15199,9,0.000131,49461,6,0.0,1,"(0,0)",52,22,-11,12,-89,83.6,15,15,17.0,12345678,403,19,0,3750240000,3750240000,3.0,1740770840131
17,c601,1,15633,9,0.000106,50919,6,0.0,1,"(0,0)",52,22,-11,12,-89,84.8,15,15,11.0,12345678,503,19,0,3750240000,3750240000,3.0,1740770841131
17,c601,1,16051,9,8.6e-05,52409,6,0.0,1,"(0,0)",52,22,-11,12,-89,84.8,15,17,18.0,12345678,603,19,0,3750240000,3750240000,3.1,1740770842131
17,c601,1,16485,9,7e-05,53867,6,0.0,1,"(0,0)",52,22,-11,12,-89,84.0,15,14,10.5,12345678,703,19,0,3750240000,3750240000,3.1,1740770843131
17,c601,1,16903,9,5.6e-05,55357,6,0.0,1,"(0,0)",52,22,-11,12,-89,83.6,15,15,16.0,12345678,803,19,0,3750240000,3750240000,3.1,1740770844131
17,c601,1,17337,9,4.6e-05,56682,6,0.0,1,"(0,0)",52,22,-11,11.5,-89,84.8,15,15,18.0,12345678,903,19,0,3750240000,3750240000,3.0,1740770845131
17,c601,1,17755,9,3.7e-05,58156,6,0.0,1,"(0,0)",52,22,-11,12,-89,84.7,15,15,18.0,12345678,1003,19,0,3750240000,3750240000,3.1,1740770846131
17,c601,1,18189,9,3e-05,59630,6,0.0,1,"(0,0)",52,22,-11,12,-89,84.8,15,14,18.0,12345678,79,19,0,3750240000,3750240000,3.0,1740770847131
17,c601,1,18607,9,2.4e-05,61104,6,0.0,1,"(0,0)",52,22,-11,12,-89,85.0,15,14,18.0,12345678,179,19,0,3750240000,3750240000,3.0,1740770848131
17,c601,1,19041,9,2e-05,62578,6,0.0,1,"(0,0)",52,22,-11,11.5,-89,84.5,15,14,17.5,12345678,279,19,0,3750240000,3750240000,3.0,1740770849131
17,c601,1,19459,9,1.6e-05,64020,6,0.0,1,"(0,0)",52,22,-11,12,-89,84.5,15,14,18.0,12345678,379,19,0,3750240000,3750240000,3.0,1740770850131
17,c601,1,19676,9,1.4e-05,65329,6,0.0,1,"(0,0)",52,22,-11,12,-89,85.7,15,15,18.5,12345678,479,19,0,3750240000,3750240000,3.0,1740770851131
17,c601,1,20110,9,1.3e-05,66787,6,0.0,1,"(0,0)",52,22,-11,12,-89,84.9,15,15,12.0,12345678,579,19,0,3750240000,3750240000,3.0,1740770852131
17,c601,1,20528,9,1.2e-05,68277,6,0.0,1,"(0,0)",52,22,-11,12,-89,85.7,15,15,19.5,12345678,679,19,0,3750240000,3750240000,3.0,1740770853131
17,c601,1,20962,9,1e-05,69735,6,0.0,1,"(0,0)",52,22,-11,12,-89,85.2,15,17,11.5,12345678,779,19,0,3750240000,3750240000,3.2,1740770854131
17,c601,1,21380,9,9e-06,71225,6,0.0,1,"(0,0)",52,22,-11,12,-89,85.6,15,14,18.5,12345678,879,19,0,3750240000,3750240000,3.0,1740770855131
17,c601,1,21814,9,8e-06,72550,6,0.0,1,"(0,0)",52,22,-11,12,-89,85.8,15,15,19.0,12345678,979,19,0,3750240000,3750240000,3.0,1740770856131
17,c601,1,22232,9,8e-06,74024,6,0.0,1,"(0,0)",52,22,-11,12,-89,84.9,15,15,11.0,12345678,55,19,0,3750240000,3750240000,3.0,1740770857131
17,c601,1,22666,9,7e-06,75498,6,0.0,1,"(0,0)",52,22,-11,11.5,-89,85.7,15,14,18.5,12345678,155,19,0,3750240000,3750240000,3.0,1740770858131
17,c601,1,23084,9,6e-06,76972,6,0.0,1,"(0,0)",52,22,-11,11.5,-89,85.9,15,15,11.5,12345678,255,19,0,3750240000,3750240000,3.1,1740770859131
17,c601,1,23518,9,6e-06,78446,6,0.0,1,"(0,0)",52,22,-11,11.5,-89,85.7,15,15,18.5,12345678,355,19,0,3750240000,3750240000,3.1,1740770860131
17,c601,1,23936,9,5e-06,79787,6,0.0,1,"(0,0)",52,22,-11,11.5,-89,85.9,15,15,19.0,12345678,455,19,0,3750240000,3750240000,3.1,1740770861131
17,c601,1,24370,9,4e-06,81245,6,0.0,1,"(0,0)",52,22,-11,12,-89,84.6,15,15,10.0,12345678,555,19,0,3750240000,3750240000,3.1,1740770862131
17,c601,1,24788,9,3e-06,82735,6,0.0,1,"(0,0)",52,22,-11,12,-89,85.8,15,15,18.5,12345678,655,19,0,3750240000,3750240000,3.0,1740770863131
17,c601,1,25222,9,3e-06,84193,6,0.0,1,"(0,0)",52,22,-11,12,-89,84.9,15,14,11.5,12345678,755,19,0,3750240000,3750240000,3.0,1740770864131
17,c601,1,25640,9,2e-06,85683,6,0.0,1,"(0,0)",52,22,-11,11.5,-89,85.7,15,15,18.5,12345678,855,19,0,3750240000,3750240000,3.2,1740770865131
17,c601,1,26074,9,2e-06,87008,6,0.0,1,"(0,0)",52,22,-11,12,-89,85.7,15,15,19.5,12345678,955,19,0,3750240000,3750240000,3.1,1740770866131
17,c601,1,26492,9,1e-06,88482,6,0.0,1,"(0,0)",52,22,-11,11.5,-89,84.9,15,14,11.5,12345678,31,19,0,3750240000,3750240000,3.0,1740770867131
17,c601,1,26926,9,1e-06,89956,6,0.0,1,"(0,0)",52,22,-11,12,-89,85.7,15,15,19.5,12345678,131,19,0,3750240000,3750240000,3.1,1740770868131
17,c601,1,27344,9,1e-06,91430,6,0.0,1,"(0,0)",52,22,-11,12,-89,84.6,15,15,10.5,12345678,231,19,0,3750240000,3750240000,3.0,1740770869131
17,c601,1,27778,9,1e-06,92904,6,0.0,1,"(0,0)",52,22,-11,12,-89,85.6,15,17,19.0,12345678,331,19,0,3750240000,3750240000,3.0,1740770870131
17,c601,1,28196,9,1e-06,94245,6,0.0,1,"(0,0)",52,22,-11,11.5,-89,85.7,15,15,18.5,12345678,431,19,0,3750240000,3750240000,3.0,1740770871131
17,c601,1,28630,9,0.0,95703,6,0.0,1,"(0,0)",52,22,-11,11.5,-89,84.9,15,15,10.5,12345678,531,19,0,3750240000,3750240000,3.0,1740770872131
17,c601,1,29048,9,0.0,97193,6,0.0,1,"(0,0)",52,22,-11,12,-89,84.8,15,15,17.5,12345678,631,19,0,3750240000,3750240000,3.0,1740770873131
17,c601,1,29482,9,0.0,98651,6,0.0,1,"(0,0)",52,22,-11,12,-89,84.7,15,13,10.5,12345678,731,19,0,3750240000,3750240000,3.2,1740770874131
17,c601,1,29900,9,0.0,100141,6,0.0,1,"(0,0)",52,22,-11,12,-89,85.6,15,15,19.5,12345678,831,19,0,3750240000,3750240000,3.0,1740770875131
17,c601,1,30334,9,0.0,101466,6,0.0,1,"(0,0)",52,22,-11,12,-89,85.7,15,17,19.5,12345678,931,19,0,3750240000,3750240000,3.1,1740770876131
17,c601,1,30752,9,0.0,102940,6,0.0,1,"(0,0)",52,22,-11,12,-89,84.6,15,13,10.5,12345678,7,19,0,3750240000,3750240000,3.1,1740770877131
17,c601,1,31186,9,0.0,104414,6,0.0,1,"(0,0)",52,22,-11,12,-89,84.6,15,13,18.0,12345678,107,19,0,3750240000,3750240000,3.0,1740770878131
17,c601,1,31604,9,0.0,105888,6,0.0,1,"(0,0)",52,22,-11,12,-89,84.6,15,15,10.5,12345678,207,19,0,3750240000,3750240000,3.0,1740770879131
17,c601,1,32038,9,0.0,107362,6,0.0,1,"(0,0)",52,22,-11,12,-89,85.6,15,15,18.5,12345678,307,19,0,3750240000,3750240000,3.1,1740770880131
17,c601,1,32456,9,0.0,108703,6,0.0,1,"(0,0)",52,22,-11,12,-89,85.8,15,15,18.0,12345678,407,19,0,3750240000,3750240000,3.0,1740770881131
17,c601,1,32890,9,0.0,110161,6,0.0,1,"(0,0)",52,22,-11,12,-89,84.6,15,15,10.5,12345678,507,19,0,3750240000,3750240000,3.0,1740770882131
17,c601,1,33308,9,0.0,111651,6,0.0,1,"(0,0)",52,22,-11,12.5,-89,85.5,15,17,19.0,12345678,607,19,0,3750240000,3750240000,3.1,1740770883131
17,c601,1,33742,9,0.0,113109,6,0.0,1,"(0,0)",52,22,-11,12,-89,85.8,15,14,12.0,12345678,707,19,0,3750240000,3750240000,3.0,1740770884131
17,c601,1,34160,9,0.0,114599,6,0.0,1,"(0,0)",52,22,-11,12,-89,85.6,15,15,19.0,12345678,807,19,0,3750240000,3750240000,3.0,1740770885131
17,c601,1,34594,9,0.0,115924,6,0.0,1,"(0,0)",52,22,-11,12,-89,84.8,15,15,17.5,12345678,907,19,0,3750240000,3750240000,3.0,1740770886131
17,c601,1,35012,9,0.0,117398,6,0.0,1,"(0,0)",52,22,-11,11.5,-89,84.6,15,15,11.0,12345678,1007,19,0,3750240000,3750240000,3.1,1740770887131
17,c601,1,35446,9,0.0,118872,6,0.0,1,"(0,0)",52,22,-11,12,-89,85.7,15,14,19.0,12345678,83,19,0,3750240000,3750240000,3.0,1740770888131
17,c601,1,35864,9,0.0,120346,6,0.0,1,"(0,0)",52,22,-11,12,-89,84.8,15,15,11.0,12345678,183,19,0,3750240000,3750240000,3.0,1740770889131
17,c601,1,36298,9,0.0,121820,6,0.0,1,"(0,0)",52,22,-11,11.5,-89,84.6,15,15,18.5,12345678,283,19,0,3750240000,3750240000,3.0,1740770890131
17,c601,1,36716,9,0.0,123161,6,0.0,1,"(0,0)",52,22,-11,11.5,-89,83.9,15,15,17.0,12345678,383,19,0,3750240000,3750240000,3.0,1740770891131
17,c601,1,37150,9,0.0,124619,6,0.0,1,"(0,0)",52,22,-11,12,-89,84.2,15,15,10.0,12345678,483,19,0,3750240000,3750240000,3.1,1740770892131
17,c601,1,37568,9,0.0,126109,6,0.0,1,"(0,0)",52,22,-11,11.5,-89,84.5,15,14,17.5,12345678,583,19,0,3750240000,3750240000,3.1,1740770893131
17,c601,1,38002,9,0.0,127567,6,0.0,1,"(0,0)",52,22,-11,12,-89,85.0,15,14,11.0,12345678,683,19,0,3750240000,3750240000,3.2,1740770894131
17,c601,1,38420,9,0.0,129057,6,0.0,1,"(0,0)",52,22,-11,11.5,-89,83.6,15,15,17.5,12345678,783,19,0,3750240000,3750240000,3.2,1740770895131
17,c601,1,38854,9,0.0,130382,6,0.0,1,"(0,0)",52,22,-11,12,-89,85.5,15,14,19.5,12345678,883,19,0,3750240000,3750240000,3.0,1740770896131
17,c601,1,39272,9,0.0,131856,6,0.0,1,"(0,0)",52,22,-11,11.5,-89,84.4,15,15,17.5,12345678,983,19,0,3750240000,3750240000,3.0,1740770897131
17,c601,1,39706,9,0.0,133330,6,0.0,1,"(0,0)",52,22,-11,12,-89,84.8,15,14,18.5,12345678,59,19,0,3750240000,3750240000,3.1,1740770898131
17,c601,1,40124,9,0.0,134804,6,0.0,1,"(0,0)",52,22,-11,12,-89,83.8,15,17,16.5,12345678,159,19,0,3750240000,3750240000,3.0,1740770899131
17,c601,1,40558,9,0.0,136278,6,0.0,1,"(0,0)",52,22,-11,11.5,-89,85.3,15,15,18.5,12345678,259,19,0,3750240000,3750240000,3.1,1740770900131
17,c601,1,41888,9,0.0,137693,7,0.0,1,"(0,0)",48,22,-11,12,-89,103.7,15,41,36.5,12345678,359,19,0,3750240000,3750240000,3.0,1740770901131
17,c601,1,42555,9,0.0,139167,6,0.269779,1,"(0,0)",52,22,-11,12,-89,89.0,15,40,22.5,12345678,459,19,0,3750240000,3750240000,3.0,1740770902131
17,c601,1,43407,9,0.0,140740,6,0.148751,1,"(0,0)",52,22,-11,11.5,-89,83.6,15,38,17.0,12345678,559,19,0,3750240000,3750240000,3.0,1740770903131
17,c601,1,44259,9,0.0,142329,6,0.051866,1,"(0,0)",52,22,-11,11.5,-89,83.4,15,32,16.0,12345678,659,19,0,3750240000,3750240000,3.0,1740770904131
17,c601,1,45328,9,0.0,143785,6,0.182994,1,"(0,0)",52,22,-11,12,-89,83.8,15,26,16.5,12345678,759,19,0,3750240000,3750240000,3.0,1740770905131
17,c601,1,46413,9,0.0,145152,6,0.28522,1,"(0,0)",52,22,-11,12,-89,83.4,15,22,16.5,12345678,859,19,0,3750240000,3750240000,3.0,1740770906131
17,c601,1,47482,9,0.0,146567,6,0.15833,1,"(0,0)",52,22,-11,12,-89,83.8,15,16,14.5,12345678,959,19,0,3750240000,3750240000,3.0,1740770907131
17,c601,1,48350,9,0.0,148023,6,0.06134,1,"(0,0)",52,22,-11,12,-89,83.3,15,17,16.0,12345678,35,19,0,3750240000,3750240000,3.1,1740770908131
17,c601,1,49419,9,0.0,149507,6,0.023764,1,"(0,0)",52,22,-11,11.5,-89,85.4,15,14,18.5,12345678,135,19,0,3750240000,3750240000,3.0,1740770909131
17,c601,1,50271,9,0.0,151135,7,0.009207,1,"(0,0)",52,22,-11,11.5,-89,83.8,15,15,17.0,12345678,235,19,0,3750240000,3750240000,3.0,1740770910131
17,c601,1,50906,9,0.0,152773,7,0.003567,1,"(0,0)",52,22,-11,12,-89,84.7,15,16,17.5,12345678,335,19,0,3750240000,3750240000,3.1,1740770911131
17,c601,1,51758,9,0.0,154303,7,0.001382,1,"(0,0)",52,22,-11,12,-89,84.8,15,16,9.0,12345678,435,19,0,3750240000,3750240000,3.3,1740770912131
17,c601,1,52626,9,0.0,155869,7,0.000535,1,"(0,0)",52,22,-11,12,-89,83.7,15,15,17.5,12345678,535,19,0,3750240000,3750240000,3.0,1740770913131
17,c601,1,53478,9,0.0,157435,7,0.000207,1,"(0,0)",52,22,-11,12,-89,83.7,15,16,16.5,12345678,635,19,0,3750240000,3750240000,3.4,1740770914131
17,c601,1,53912,9,0.0,158944,7,7.2e-05,1,"(0,0)",52,22,-11,12,-89,85.7,15,16,19.5,12345678,735,19,0,3750240000,3750240000,3.1,1740770915131
17,c601,1,54531,9,0.0,160871,7,2.8e-05,1,"(0,0)",52,22,-11,12,-89,83.8,15,16,17.5,12345678,835,19,0,3750240000,3750240000,3.0,1740770916131
17,c601,1,55182,9,0.0,162320,7,1e-05,1,"(0,0)",52,22,-11,11.5,-89,85.6,15,16,19.5,12345678,935,19,0,3750240000,3750240000,3.0,1740770917131
17,c601,1,55817,9,0.0,163958,7,4e-06,1,"(0,0)",52,22,-11,11.5,-89,84.6,15,15,17.5,12345678,11,19,0,3750240000,3750240000,3.0,1740770918131
17,c601,1,56452,9,0.0,165608,7,1e-06,1,"(0,0)",52,22,-11,12,-89,83.7,15,19,16.0,12345678,111,19,0,3750240000,3750240000,3.0,1740770919131
17,c601,1,57304,9,0.0,167138,7,1e-06,1,"(0,0)",52,22,-11,12,-89,84.9,15,15,11.0,12345678,211,19,0,3750240000,3750240000,3.0,1740770920131
17,c601,1,58172,9,0.0,168515,7,0.0,1,"(0,0)",52,22,-11,12,-89,83.4,15,14,16.0,12345678,311,19,0,3750240000,3750240000,3.1,1740770921131
17,c601,1,59024,9,0.0,170033,7,0.0,1,"(0,0)",52,22,-11,11.5,-89,84.6,15,15,17.0,12345678,411,19,0,3750240000,3750240000,3.1,1740770922131
17,c601,1,59458,9,0.0,171695,7,0.0,1,"(0,0)",52,22,-11,11.5,-89,84.8,15,14,10.5,12345678,511,19,0,3750240000,3750240000,3.2,1740770923131
17,c601,1,60294,9,0.0,173566,8,0.0,1,"(0,0)",52,22,-11,12,-89,83.7,15,14,16.5,12345678,611,19,0,3750240000,3750240000,3.0,1740770924131
17,c601,1,60728,9,0.0,175335,8,0.0729,1,"(0,0)",52,22,-11,12,-89,85.6,15,15,19.0,12345678,711,19,0,3750240000,3750240000,3.9,1740770925131
17,c601,1,61146,9,0.0,177265,8,0.028243,1,"(0,0)",52,22,-11,12,-89,85.1,15,15,11.0,12345678,811,19,0,3750240000,3750240000,4.1,1740770926131
17,c601,1,61580,9,0.0,179195,8,0.009848,1,"(0,0)",52,22,-11,11.5,-89,85.7,15,15,18.5,12345678,911,19,0,3750240000,3750240000,3.5,1740770927131
17,c601,1,62416,9,0.0,181233,9,0.028115,1,"(0,0)",52,22,-11,12,-89,82.8,15,14,15.5,12345678,1011,19,0,3750240000,3750240000,4.0,1740770928131
17,c601,1,62850,9,0.0,183367,9,0.109803,1,"(0,0)",52,22,-11,12,-89,84.7,15,14,18.0,12345678,87,19,0,3750240000,3750240000,3.8,1740770929131
17,c601,1,63268,9,0.0,185276,9,0.038286,1,"(0,0)",52,22,-11,12,-89,85.6,15,15,18.5,12345678,187,19,0,3750240000,3750240000,3.8,1740770930131
17,c601,1,63702,9,0.0,187362,9,0.014833,1,"(0,0)",52,22,-11,11.5,-89,86.0,15,15,12.5,12345678,287,19,0,3750240000,3750240000,5.1,1740770931131
17,c601,1,64120,9,0.0,189480,9,0.005172,1,"(0,0)",52,22,-11,11.5,-89,85.7,15,14,19.5,12345678,387,19,0,3750240000,3750240000,4.0,1740770932131
17,c601,1,64771,9,0.0,191465,9,0.074904,1,"(0,0)",58,22,-11,11.5,-89,84.6,15,15,17.5,12345678,487,19,0,3750240000,3750240000,5.5,1740770933131
17,c601,1,65406,9,0.0,193107,7,0.072066,1,"(0,0)",52,22,-11,12,-89,85.6,15,15,18.5,12345678,587,19,0,3750240000,3750240000,3.5,1740770934131
17,c601,1,66041,9,0.0,194556,7,0.02792,1,"(0,0)",52,22,-11,12,-89,85.7,15,15,19.5,12345678,687,19,0,3750240000,3750240000,3.0,1740770935131
17,c601,1,66893,9,0.0,196239,7,0.010817,1,"(0,0)",52,22,-11,11.5,-89,85.6,15,14,20.5,12345678,787,19,0,3750240000,3750240000,3.1,1740770936131
17,c601,1,67544,9,0.0,197829,7,0.004191,1,"(0,0)",52,22,-11,11.5,-89,84.8,15,15,17.5,12345678,887,19,0,3750240000,3750240000,3.4,1740770937131
17,c601,1,68179,9,0.0,199419,7,0.001461,1,"(0,0)",52,22,-11,12,-89,84.9,15,17,11.0,12345678,987,19,0,3750240000,3750240000,3.0,1740770938131
17,c601,1,68613,9,0.0,201081,7,0.000509,1,"(0,0)",52,22,-11,11.5,-89,86.0,15,17,19.5,12345678,63,19,0,3750240000,3750240000,3.7,1740770939131
17,c601,1,69248,9,0.0,202836,7,0.000178,1,"(0,0)",52,22,-11,12,-89,83.7,15,17,17.0,12345678,163,19,0,3750240000,3750240000,3.0,1740770940131
17,c601,1,69682,9,0.0,204369,7,6.9e-05,1,"(0,0)",52,22,-11,12,-89,84.6,15,15,10.0,12345678,263,19,0,3750240000,3750240000,3.1,1740770941131
17,c601,1,70100,9,0.0,206043,7,2.4e-05,1,"(0,0)",52,22,-11,12,-89,85.7,15,14,19.0,12345678,363,19,0,3750240000,3750240000,3.2,1740770942131
17,c601,1,70534,9,0.0,207693,7,8e-06,1,"(0,0)",52,22,-11,12,-89,84.7,15,15,11.5,12345678,463,19,0,3750240000,3750240000,3.0,1740770943131
17,c601,1,71169,9,0.0,209295,7,3e-06,1,"(0,0)",52,22,-11,12,-89,84.5,15,16,17.5,12345678,563,19,0,3750240000,3750240000,3.8,1740770944131
17,c601,1,71603,9,0.0,210792,7,1e-06,1,"(0,0)",52,22,-11,12,-89,84.6,15,16,18.0,12345678,663,19,0,3750240000,3750240000,3.1,1740770945131
17,c601,1,72021,9,0.0,212454,7,0.0,1,"(0,0)",52,22,-11,11.5,-89,84.9,15,13,12.0,12345678,763,19,0,3750240000,3750240000,3.0,1740770946131
17,c601,1,72455,9,0.0,214116,7,0.0,1,"(0,0)",52,22,-11,12,-89,84.8,15,14,18.0,12345678,863,19,0,3750240000,3750240000,3.2,1740770947131
17,c601,1,72873,9,0.0,215778,7,0.0,1,"(0,0)",52,22,-11,11.5,-89,84.2,15,14,11.5,12345678,963,19,0,3750240000,3750240000,3.1,1740770948131
17,c601,1,73307,9,0.0,217440,7,0.0,1,"(0,0)",52,22,-11,12,-89,84.7,15,14,18.5,12345678,39,19,0,3750240000,3750240000,3.0,1740770949131
17,c601,1,73725,9,0.0,218949,7,0.0,1,"(0,0)",52,22,-11,12,-89,83.5,15,14,16.5,12345678,139,19,0,3750240000,3750240000,3.3,1740770950131
17,c601,1,74159,9,0.0,220599,7,0.0,1,"(0,0)",52,22,-11,11.5,-89,83.7,15,14,10.5,12345678,239,19,0,3750240000,3750240000,3.1,1740770951131
17,c601,1,74794,9,0.0,222201,7,0.0,1,"(0,0)",52,22,-11,11.5,-89,83.7,15,13,17.0,12345678,339,19,0,3750240000,3750240000,3.0,1740770952131
17,c601,1,75228,9,0.0,223851,7,0.0,1,"(0,0)",52,22,-11,12,-89,85.3,15,13,12.0,12345678,439,19,0,3750240000,3750240000,3.2,1740770953131
17,c601,1,75646,9,0.0,225525,7,0.0,1,"(0,0)",52,22,-11,11.5,-89,83.7,15,16,17.0,12345678,539,19,0,3750240000,3750240000,3.1,1740770954131
17,c601,1,76080,9,0.0,227022,7,0.0,1,"(0,0)",52,22,-11,12,-89,84.6,15,14,17.5,12345678,639,19,0,3750240000,3750240000,3.1,1740770955131
17,c601,1,76498,9,0.0,228684,7,0.0,1,"(0,0)",52,22,-11,11.5,-89,83.3,15,13,16.5,12345678,739,19,0,3750240000,3750240000,3.1,1740770956131
17,c601,1,76932,9,0.0,230346,7,0.0,1,"(0,0)",52,22,-11,12,-89,84.6,15,14,19.0,12345678,839,19,0,3750240000,3750240000,3.2,1740770957131
17,c601,1,77350,9,0.0,232008,7,0.0,1,"(0,0)",52,22,-11,12,-89,83.9,15,14,17.0,12345678,939,19,0,3750240000,3750240000,3.0,1740770958131
17,c601,1,77784,9,0.0,233670,7,0.0,1,"(0,0)",52,22,-11,12,-89,84.8,15,14,18.0,12345678,15,19,0,3750240000,3750240000,3.1,1740770959131
17,c601,1,78202,9,0.0,235296,7,0.0,1,"(0,0)",52,22,-11,12,-89,84.6,15,14,17.0,12345678,115,19,0,3750240000,3750240000,3.2,1740770960131
17,c601,1,78419,9,0.0,236769,7,0.0,1,"(0,0)",52,22,-11,12,-89,84.7,15,15,16.5,12345678,215,19,0,3750240000,3750240000,3.1,1740770961131
17,c601,1,78853,9,0.0,238419,7,0.0,1,"(0,0)",52,22,-11,12,-89,84.9,15,13,12.0,12345678,315,19,0,3750240000,3750240000,3.2,1740770962131
17,c601,1,79271,9,0.0,240093,7,0.0,1,"(0,0)",52,22,-11,11.5,-89,85.6,15,15,18.0,12345678,415,19,0,3750240000,3750240000,3.1,1740770963131
17,c601,1,79705,9,0.0,241743,7,0.0,1,"(0,0)",52,22,-11,12,-89,85.0,15,14,11.5,12345678,515,19,0,3750240000,3750240000,3.0,1740770964131
17,c601,1,80340,9,0.0,243357,7,0.0,1,"(0,0)",52,22,-11,12,-89,85.6,15,12,19.0,12345678,615,19,0,3750240000,3750240000,3.0,1740770965131
17,c601,1,80991,9,0.0,244983,7,0.0,1,"(0,0)",52,22,-11,12,-89,83.8,15,14,16.5,12345678,715,19,0,3750240000,3750240000,3.0,1740770966131
17,c601,1,81610,9,0.0,246633,7,0.0,1,"(0,0)",52,22,-11,11.5,-89,83.8,15,16,16.5,12345678,815,19,0,3750240000,3750240000,3.0,1740770967131
17,c601,1,82261,9,0.0,248070,7,0.0,1,"(0,0)",52,22,-11,12,-89,85.6,15,15,19.0,12345678,915,19,0,3750240000,3750240000,3.0,1740770968131
17,c601,1,82896,9,0.0,249672,7,0.0,1,"(0,0)",52,22,-11,11.5,-89,84.6,15,15,10.5,12345678,1015,19,0,3750240000,3750240000,3.1,1740770969131
17,c601,1,83547,9,0.0,251298,7,0.0,1,"(0,0)",52,22,-11,12,-89,84.5,15,15,17.0,12345678,91,19,0,3750240000,3750240000,3.1,1740770970131
17,c601,1,85135,9,0.0,256068,8,0.0,1,"(0,0)",52,22,-11,11.5,-89,85.5,15,15,19.0,12345678,191,19,0,3750240000,3750240000,3.7,1740770971131
17,c601,1,85770,9,0.0,258127,8,0.0,1,"(0,0)",52,22,-11,11.5,-89,83.7,15,14,17.0,12345678,291,19,0,3750240000,3750240000,3.1,1740770972131
17,c601,1,86188,9,0.0,259896,8,0.0,1,"(0,0)",52,22,-11,12,-89,85.6,15,15,17.5,12345678,391,19,0,3750240000,3750240000,3.5,1740770973131
17,c601,1,86622,9,0.0,261810,8,0.0,1,"(0,0)",52,22,-11,12,-89,85.6,15,15,11.5,12345678,491,19,0,3750240000,3750240000,3.6,1740770974131
17,c601,1,87040,9,0.0,263756,8,0.0,1,"(0,0)",52,22,-11,12,-89,85.6,15,14,19.0,12345678,591,19,0,3750240000,3750240000,3.1,1740770975131
17,c601,1,87691,9,0.0,265574,8,0.0,1,"(0,0)",52,22,-11,12,-89,85.2,15,14,10.5,12345678,691,19,0,3750240000,3750240000,3.2,1740770976131
17,c601,1,88109,9,0.0,267327,8,0.0,1,"(0,0)",52,22,-11,11.5,-89,84.9,15,15,11.0,12345678,791,19,0,3750240000,3750240000,3.1,1740770977131
17,c601,1,88543,9,0.0,269257,8,0.0,1,"(0,0)",52,22,-11,12,-89,85.7,15,16,19.0,12345678,891,19,0,3750240000,3750240000,3.7,1740770978131
17,c601,1,88961,9,0.0,271187,8,0.0,1,"(0,0)",52,22,-11,12,-89,84.7,15,17,11.0,12345678,991,19,0,3750240000,3750240000,3.3,1740770979131
17,c601,1,89395,9,0.0,273117,8,0.0,1,"(0,0)",52,22,-11,12,-89,85.7,15,15,18.0,12345678,67,19,0,3750240000,3750240000,3.6,1740770980131
17,c601,1,89813,9,0.0,274870,8,0.0,1,"(0,0)",52,22,-11,12,-89,85.6,15,14,19.5,12345678,167,19,0,3750240000,3750240000,3.0,1740770981131
17,c601,1,90247,9,0.0,276784,8,0.0,1,"(0,0)",52,22,-11,12,-89,85.0,15,14,11.0,12345678,267,19,0,3750240000,3750240000,3.5,1740770982131
17,c601,1,90665,9,0.0,278730,8,0.0,1,"(0,0)",52,22,-11,12,-89,84.5,15,17,18.5,12345678,367,19,0,3750240000,3750240000,3.0,1740770983131
17,c601,1,91300,9,0.0,280757,8,0.0,1,"(0,0)",52,22,-11,12,-89,84.7,15,15,19.0,12345678,467,19,0,3750240000,3750240000,3.1,1740770984131
17,c601,1,91734,9,0.0,282727,8,0.0,1,"(0,0)",52,22,-11,12,-89,82.6,15,14,15.5,12345678,567,19,0,3750240000,3750240000,3.0,1740770985131
17,c601,1,92168,9,0.0,284512,8,0.0729,1,"(0,0)",52,22,-11,12,-89,84.6,15,16,17.5,12345678,667,19,0,3750240000,3750240000,3.8,1740770986131
17,c601,1,92586,9,0.0,286442,8,0.028243,1,"(0,0)",52,22,-11,12,-89,84.9,15,15,11.0,12345678,767,19,0,3750240000,3750240000,3.5,1740770987131
17,c601,1,93020,9,0.0,288372,8,0.009848,1,"(0,0)",52,22,-11,11.5,-89,85.7,15,17,18.5,12345678,867,19,0,3750240000,3750240000,3.1,1740770988131
17,c601,1,93438,9,0.0,290302,8,0.003434,1,"(0,0)",52,22,-11,12,-89,84.6,15,14,10.5,12345678,967,19,0,3750240000,3750240000,3.5,1740770989131
17,c601,1,93872,9,0.0,292232,8,0.001197,1,"(0,0)",52,22,-11,12,-89,86.0,15,14,19.0,12345678,43,19,0,3750240000,3750240000,3.7,1740770990131
17,c601,1,94290,9,0.0,293985,8,0.000417,1,"(0,0)",52,22,-11,11.5,-89,84.7,15,15,17.5,12345678,143,19,0,3750240000,3750240000,3.3,1740770991131
17,c601,1,94724,9,0.0,295899,8,0.000162,1,"(0,0)",52,22,-11,12,-89,85.2,15,17,11.0,12345678,243,19,0,3750240000,3750240000,3.8,1740770992131
17,c601,1,95142,9,0.0,297845,8,5.6e-05,1,"(0,0)",52,22,-11,12,-89,84.6,15,15,17.5,12345678,343,19,0,3750240000,3750240000,3.1,1740770993131
17,c601,1,95576,9,0.0,299759,8,2e-05,1,"(0,0)",52,22,-11,11.5,-89,86.0,15,13,12.0,12345678,443,19,0,3750240000,3750240000,3.8,1740770994131
17,c601,1,95994,9,0.0,301705,8,7e-06,1,"(0,0)",52,22,-11,12,-89,85.7,15,15,19.0,12345678,543,19,0,3750240000,3750240000,3.2,1740770995131
17,c601,1,96428,9,0.0,303442,8,0.043049,1,"(0,0)",52,22,-11,12,-89,85.6,15,15,18.5,12345678,643,19,0,3750240000,3750240000,5.1,1740770996131
17,c601,1,96846,9,0.0,305372,8,0.016678,1,"(0,0)",52,22,-11,12,-89,82.6,15,14,9.0,12345678,743,19,0,3750240000,3750240000,3.0,1740770997131
17,c601,1,97280,9,0.0,307302,8,0.005815,1,"(0,0)",52,22,-11,12,-89,84.6,15,15,19.0,12345678,843,19,0,3750240000,3750240000,3.3,1740770998131
17,c601,1,97698,9,0.0,309232,8,0.045074,1,"(0,0)",52,22,-11,12,-89,84.4,15,15,10.5,12345678,943,19,0,3750240000,3750240000,4.6,1740770999131
17,c601,1,98132,9,0.0,311162,8,0.115716,1,"(0,0)",52,22,-11,11.5,-89,84.7,15,15,18.0,12345678,19,19,0,3750240000,3750240000,3.9,1740771000131
17,c601,1,98550,9,0.0,312915,8,0.040348,1,"(0,0)",52,22,-11,12,-89,84.7,15,14,17.5,12345678,119,19,0,3750240000,3750240000,3.6,1740771001131
17,c601,1,98984,9,0.0,314829,8,0.015632,1,"(0,0)",52,22,-11,11.5,-89,84.4,15,15,10.0,12345678,219,19,0,3750240000,3750240000,3.8,1740771002131
17,c601,1,99402,9,0.0,316775,8,0.00545,1,"(0,0)",52,22,-11,12,-89,84.7,15,15,18.5,12345678,319,19,0,3750240000,3750240000,3.3,1740771003131
17,c601,1,99836,9,0.0,318689,8,0.0019,1,"(0,0)",52,22,-11,12,-89,84.7,15,14,11.0,12345678,419,19,0,3750240000,3750240000,3.3,1740771004131
17,c601,1,100254,9,0.0,320635,8,0.000663,1,"(0,0)",52,22,-11,12,-89,83.5,15,14,16.5,12345678,519,19,0,3750240000,3750240000,3.3,1740771005131
17,c601,1,100688,9,0.0,322372,8,0.000231,1,"(0,0)",52,22,-11,12,-89,84.7,15,14,18.0,12345678,619,19,0,3750240000,3750240000,4.2,1740771006131
17,c601,1,101106,9,0.0,324302,8,9e-05,1,"(0,0)",52,22,-11,12,-89,84.6,15,14,18.5,12345678,719,19,0,3750240000,3750240000,3.2,1740771007131
17,c601,1,101540,9,0.0,326232,8,3.1e-05,1,"(0,0)",52,22,-11,12,-89,84.5,15,13,18.5,12345678,819,19,0,3750240000,3750240000,3.4,1740771008131
17,c601,1,101958,9,0.0,328162,8,1.1e-05,1,"(0,0)",52,22,-11,12,-89,84.5,15,17,17.0,12345678,919,19,0,3750240000,3750240000,3.0,1740771009131
17,c601,1,102392,9,0.0,330092,8,4e-06,1,"(0,0)",52,22,-11,12,-89,84.6,15,14,17.5,12345678,1019,19,0,3750240000,3750240000,3.2,1740771010131
17,c601,1,102810,9,0.0,331982,8,1e-06,1,"(0,0)",52,22,-11,11.5,-89,84.6,15,17,16.5,12345678,95,19,0,3750240000,3750240000,3.8,1740771011131
17,c601,1,103027,9,0.0,333695,8,0.0,1,"(0,0)",52,22,-11,11.5,-89,85.5,15,16,18.5,12345678,195,19,0,3750240000,3750240000,3.0,1740771012131
17,c601,1,103461,9,0.0,335609,8,0.0729,1,"(0,0)",52,22,-11,12,-89,84.2,15,14,10.0,12345678,295,19,0,3750240000,3750240000,4.3,1740771013131
17,c601,1,103879,9,0.0,337555,8,0.025419,1,"(0,0)",52,22,-11,11.5,-89,85.6,15,14,18.0,12345678,395,19,0,3750240000,3750240000,3.2,1740771014131
17,c601,1,104313,9,0.0,339469,8,0.008863,1,"(0,0)",52,22,-11,12,-89,85.4,15,14,11.5,12345678,495,19,0,3750240000,3750240000,3.6,1740771015131
17,c601,1,104731,9,0.0,341415,8,0.00309,1,"(0,0)",52,22,-11,12,-89,85.5,15,15,18.5,12345678,595,19,0,3750240000,3750240000,3.3,1740771016131
17,c601,1,105165,9,0.0,343152,8,0.001078,1,"(0,0)",52,22,-11,12,-89,85.7,15,15,18.5,12345678,695,19,0,3750240000,3750240000,3.1,1740771017131
17,c601,1,105583,9,0.0,345082,8,0.000417,1,"(0,0)",52,22,-11,11.5,-89,84.8,15,14,10.5,12345678,795,19,0,3750240000,3750240000,3.0,1740771018131
17,c601,1,106017,9,0.0,347012,8,0.000146,1,"(0,0)",52,22,-11,12,-89,85.3,15,14,18.0,12345678,895,19,0,3750240000,3750240000,3.2,1740771019131
17,c601,1,106435,9,0.0,348942,8,0.072951,1,"(0,0)",52,22,-11,12,-89,86.0,15,14,11.5,12345678,995,19,0,3750240000,3750240000,4.2,1740771020131
17,c601,1,106869,9,0.0,350872,8,0.025436,1,"(0,0)",52,22,-11,12,-89,85.7,15,15,19.0,12345678,71,19,0,3750240000,3750240000,3.5,1740771021131
17,c601,1,107287,9,0.0,352625,8,0.008869,1,"(0,0)",52,22,-11,12,-89,85.5,15,17,18.5,12345678,171,19,0,3750240000,3750240000,3.0,1740771022131
17,c601,1,107721,9,0.0,354539,8,0.003436,1,"(0,0)",52,22,-11,12,-89,84.6,15,15,11.0,12345678,271,19,0,3750240000,3750240000,3.4,1740771023131
17,c601,1,108139,9,0.0,356485,8,0.001198,1,"(0,0)",52,22,-11,11.5,-89,85.7,15,15,19.5,12345678,371,19,0,3750240000,3750240000,3.4,1740771024131
17,c601,1,108573,9,0.0,358399,8,0.000418,1,"(0,0)",52,22,-11,12,-89,85.0,15,13,11.0,12345678,471,19,0,3750240000,3750240000,3.4,1740771025131
17,c601,1,108991,9,0.0,360345,8,0.000146,1,"(0,0)",52,22,-11,11.5,-89,84.6,15,15,18.5,12345678,571,19,0,3750240000,3750240000,3.2,1740771026131
17,c601,1,109425,9,0.0,362082,8,5.1e-05,1,"(0,0)",52,22,-11,12,-89,85.6,15,14,20.0,12345678,671,19,0,3750240000,3750240000,3.2,1740771027131
17,c601,1,109843,9,0.0,364012,8,2e-05,1,"(0,0)",52,22,-11,11.5,-89,85.4,15,15,11.0,12345678,771,19,0,3750240000,3750240000,3.7,1740771028131
17,c601,1,110494,9,0.0,365862,8,8e-06,1,"(0,0)",52,22,-11,12,-89,85.5,15,14,20.5,12345678,871,19,0,3750240000,3750240000,3.2,1740771029131
17,c601,1,111129,9,0.0,367832,8,3e-06,1,"(0,0)",52,22,-11,12,-89,85.0,15,15,10.5,12345678,971,19,0,3750240000,3750240000,3.4,1740771030131
17,c601,1,111764,9,0.0,369883,8,1e-06,1,"(0,0)",52,22,-11,12,-89,83.6,15,15,17.0,12345678,47,19,0,3750240000,3750240000,3.0,1740771031131
17,c601,1,112399,9,0.0,371572,8,0.0,1,"(0,0)",52,22,-11,12,-89,85.5,15,13,17.5,12345678,147,19,0,3750240000,3750240000,3.1,1740771032131
17,c601,1,113050,9,0.0,373406,8,0.0,1,"(0,0)",52,22,-11,11.5,-89,85.4,15,15,12.0,12345678,247,19,0,3750240000,3750240000,3.2,1740771033131
17,c601,1,113685,9,0.0,375228,7,0.181,1,"(0,0)",52,22,-11,11.5,-89,85.6,15,14,18.0,12345678,347,19,0,3750240000,3750240000,4.8,1740771034131
17,c601,1,114119,9,0.0,376686,6,0.063111,1,"(0,0)",52,22,-11,11.5,-89,85.0,15,14,11.0,12345678,447,19,0,3750240000,3750240000,3.3,1740771035131
17,c601,1,114738,9,0.0,378135,6,0.022005,1,"(0,0)",52,22,-11,12,-89,84.8,15,14,19.0,12345678,547,19,0,3750240000,3750240000,3.0,1740771036131
17,c601,1,115172,9,0.0,379460,6,0.007673,1,"(0,0)",52,22,-11,12,-89,85.7,15,13,18.5,12345678,647,19,0,3750240000,3750240000,3.0,1740771037131
17,c601,1,115590,9,0.0,380934,6,0.002973,1,"(0,0)",52,22,-11,11.5,-89,86.0,15,13,12.0,12345678,747,19,0,3750240000,3750240000,3.1,1740771038131
17,c601,1,116024,9,0.0,382408,6,0.001036,1,"(0,0)",52,22,-11,12,-89,85.7,15,15,19.5,12345678,847,19,0,3750240000,3750240000,3.2,1740771039131
17,c601,1,116659,9,0.0,383841,6,0.000402,1,"(0,0)",52,22,-11,12.5,-89,84.7,15,15,10.5,12345678,947,19,0,3750240000,3750240000,3.0,1740771040131
17,c601,1,117093,9,0.0,385315,6,0.00014,1,"(0,0)",52,22,-11,11.5,-89,86.0,15,14,21.0,12345678,23,19,0,3750240000,3750240000,3.1,1740771041131
17,c601,1,117511,9,0.0,386656,6,4.9e-05,1,"(0,0)",52,22,-11,11.5,-89,85.6,15,15,18.0,12345678,123,19,0,3750240000,3750240000,3.1,1740771042131
17,c601,1,117945,9,0.0,388114,6,1.9e-05,1,"(0,0)",52,22,-11,11.5,-89,84.6,15,15,10.0,12345678,223,19,0,3750240000,3750240000,3.0,1740771043131
17,c601,1,118363,9,0.0,389604,6,7e-06,1,"(0,0)",52,22,-11,11.5,-89,84.6,15,17,17.5,12345678,323,19,0,3750240000,3750240000,3.1,1740771044131
17,c601,1,118797,9,0.0,391062,6,2e-06,1,"(0,0)",52,22,-11,11.5,-89,84.7,15,15,10.5,12345678,423,19,0,3750240000,3750240000,3.2,1740771045131
17,c601,1,119215,9,0.0,392552,6,1e-06,1,"(0,0)",52,22,-11,11.5,-89,85.7,15,13,18.5,12345678,523,19,0,3750240000,3750240000,3.1,1740771046131
17,c601,1,119649,9,0.0,393877,6,0.0,1,"(0,0)",52,22,-11,11.5,-89,85.8,15,14,19.5,12345678,623,19,0,3750240000,3750240000,3.4,1740771047131
17,c601,1,120268,9,0.0,395475,6,0.0,1,"(0,0)",52,22,-11,12,-89,83.7,15,14,16.5,12345678,723,19,0,3750240000,3750240000,3.0,1740771048131
17,c601,1,120702,9,0.0,396864,6,0.0,1,"(0,0)",52,22,-11,12,-89,84.6,15,15,17.5,12345678,823,19,0,3750240000,3750240000,3.0,1740771049131
17,c601,1,121120,9,0.0,398338,6,0.0,1,"(0,0)",52,22,-11,11.5,-89,82.8,15,15,8.5,12345678,923,19,0,3750240000,3750240000,3.2,1740771050131
17,c601,1,121554,9,0.0,399812,6,0.0,1,"(0,0)",52,22,-11,12,-89,85.6,15,14,18.5,12345678,1023,19,0,3750240000,3750240000,3.0,1740771051131
17,c601,1,121972,9,0.0,401153,6,0.0,1,"(0,0)",52,22,-11,12,-89,84.6,15,15,18.0,12345678,99,19,0,3750240000,3750240000,3.0,1740771052131
17,c601,1,122406,9,0.0,402611,6,0.0,1,"(0,0)",52,22,-11,12,-89,84.8,15,15,10.5,12345678,199,19,0,3750240000,3750240000,3.3,1740771053131
17,c601,1,122824,9,0.0,404101,6,0.0,1,"(0,0)",52,22,-11,12,-89,84.8,15,15,17.5,12345678,299,19,0,3750240000,3750240000,3.0,1740771054131
17,c601,1,123258,9,0.0,405559,6,0.0,1,"(0,0)",52,22,-11,11.5,-89,85.1,15,14,11.0,12345678,399,19,0,3750240000,3750240000,3.1,1740771055131
17,c601,1,123676,9,0.0,407049,6,0.0,1,"(0,0)",52,22,-11,12,-89,84.6,15,14,18.5,12345678,499,19,0,3750240000,3750240000,3.0,1740771056131
17,c601,1,124110,9,0.0,408374,6,0.0,1,"(0,0)",52,22,-11,12,-89,84.3,15,15,17.0,12345678,599,19,0,3750240000,3750240000,3.1,1740771057131
17,c601,1,124528,9,0.0,409848,6,0.0,1,"(0,0)",52,22,-11,11.5,-89,84.7,15,17,18.0,12345678,699,19,0,3750240000,3750240000,3.0,1740771058131
17,c601,1,124962,9,0.0,411322,6,0.0,1,"(0,0)",52,22,-11,12,-89,84.6,15,14,17.0,12345678,799,19,0,3750240000,3750240000,3.1,1740771059131
17,c601,1,125380,9,0.0,412796,6,0.0,1,"(0,0)",52,22,-11,11.5,-89,84.5,15,14,17.5,12345678,899,19,0,3750240000,3750240000,3.2,1740771060131
17,c601,1,125814,9,0.0,414270,6,0.0,1,"(0,0)",52,22,-11,11.5,-89,84.7,15,17,17.5,12345678,999,19,0,3750240000,3750240000,3.0,1740771061131
17,c601,1,126232,9,0.0,415712,6,0.0,1,"(0,0)",52,22,-11,12,-89,84.6,15,15,18.0,12345678,75,19,0,3750240000,3750240000,3.0,1740771062131
17,c601,1,126449,9,0.0,417021,6,0.0,1,"(0,0)",52,22,-11,12,-89,85.8,15,14,19.0,12345678,175,19,0,3750240000,3750240000,3.0,1740771063131
17,c601,1,126883,9,0.0,418479,6,0.0,1,"(0,0)",52,22,-11,11.5,-89,85.1,15,15,10.5,12345678,275,19,0,3750240000,3750240000,3.0,1740771064131
17,c601,1,127301,9,0.0,419969,6,0.0,1,"(0,0)",52,22,-11,12,-89,85.8,15,15,19.5,12345678,375,19,0,3750240000,3750240000,3.0,1740771065131
17,c601,1,127735,9,0.0,421427,6,0.0,1,"(0,0)",52,22,-11,11.5,-89,84.9,15,14,10.5,12345678,475,19,0,3750240000,3750240000,3.0,1740771066131
17,c601,1,128153,9,0.0,422917,6,0.0,1,"(0,0)",52,22,-11,12,-89,86.0,15,17,20.0,12345678,575,19,0,3750240000,3750240000,3.0,1740771067131
17,c601,1,128587,9,0.0,424242,6,0.0,1,"(0,0)",52,22,-11,11.5,-89,84.8,15,14,19.0,12345678,675,19,0,3750240000,3750240000,3.1,1740771068131
17,c601,1,129005,9,0.0,425716,6,0.0,1,"(0,0)",52,22,-11,12,-89,84.6,15,16,11.0,12345678,775,19,0,3750240000,3750240000,3.0,1740771069131
17,c601,1,129439,9,0.0,427190,6,0.0,1,"(0,0)",52,22,-11,12,-89,85.6,15,15,19.5,12345678,875,19,0,3750240000,3750240000,3.0,1740771070131
17,c601,1,129857,9,0.0,428664,6,0.0,1,"(0,0)",52,22,-11,11.5,-89,84.7,15,15,10.0,12345678,975,19,0,3750240000,3750240000,3.0,1740771071131
17,c601,1,130291,9,0.0,430138,6,0.0,1,"(0,0)",52,22,-11,12,-89,85.8,15,15,19.0,12345678,51,19,0,3750240000,3750240000,3.1,1740771072131
17,c601,1,130709,9,0.0,431479,6,0.0,1,"(0,0)",52,22,-11,12,-89,85.5,15,13,19.0,12345678,151,19,0,3750240000,3750240000,3.0,1740771073131
17,c601,1,131143,9,0.0,432937,6,0.0,1,"(0,0)",52,22,-11,12,-89,84.8,15,13,11.0,12345678,251,19,0,3750240000,3750240000,3.2,1740771074131
17,c601,1,131561,9,0.0,434427,6,0.0,1,"(0,0)",52,22,-11,11.5,-89,85.7,15,16,19.0,12345678,351,19,0,3750240000,3750240000,3.0,1740771075131
17,c601,1,131995,9,0.0,435885,6,0.0,1,"(0,0)",52,22,-11,12,-89,84.9,15,15,11.0,12345678,451,19,0,3750240000,3750240000,3.0,1740771076131
17,c601,1,132413,9,0.0,437375,6,0.0,1,"(0,0)",52,22,-11,12,-89,85.7,15,13,18.0,12345678,551,19,0,3750240000,3750240000,3.0,1740771077131
17,c601,1,132847,9,0.0,438700,6,0.0,1,"(0,0)",52,22,-11,11.5,-89,85.6,15,14,18.5,12345678,651,19,0,3750240000,3750240000,3.0,1740771078131
17,c601,1,133265,9,0.0,440174,6,0.0,1,"(0,0)",52,22,-11,12,-89,84.7,15,15,11.0,12345678,751,19,0,3750240000,3750240000,3.1,1740771079131
17,c601,1,133699,9,0.0,441648,6,0.0,1,"(0,0)",52,22,-11,11.5,-89,85.5,15,14,19.0,12345678,851,19,0,3750240000,3750240000,3.0,1740771080131
17,c601,1,134117,9,0.0,443122,6,0.0,1,"(0,0)",52,22,-11,12,-89,85.6,15,14,12.0,12345678,951,19,0,3750240000,3750240000,3.0,1740771081131
17,c601,1,134551,9,0.0,444596,6,0.0,1,"(0,0)",52,22,-11,11.5,-89,85.7,15,15,17.5,12345678,27,19,0,3750240000,3750240000,3.0,1740771082131
17,c601,1,134969,9,0.0,445937,6,0.0,1,"(0,0)",52,22,-11,12,-89,85.6,15,14,18.5,12345678,127,19,0,3750240000,3750240000,3.1,1740771083131
17,c601,1,135403,9,0.0,447395,6,0.0,1,"(0,0)",52,22,-11,11.5,-89,85.0,15,15,11.0,12345678,227,19,0,3750240000,3750240000,3.0,1740771084131
17,c601,1,135821,9,0.0,448885,6,0.0,1,"(0,0)",52,22,-11,11.5,-89,85.6,15,15,18.5,12345678,327,19,0,3750240000,3750240000,3.0,1740771085131
17,c601,1,136255,9,0.0,450343,6,0.0,1,"(0,0)",52,22,-11,12,-89,85.8,15,14,11.5,12345678,427,19,0,3750240000,3750240000,3.0,1740771086131
17,c601,1,136673,9,0.0,451833,6,0.0,1,"(0,0)",52,22,-11,11.5,-89,85.6,15,15,19.5,12345678,527,19,0,3750240000,3750240000,3.0,1740771087131
17,c601,1,137107,9,0.0,453158,6,0.0,1,"(0,0)",52,22,-11,12,-89,85.6,15,15,18.0,12345678,627,19,0,3750240000,3750240000,3.0,1740771088131
17,c601,1,137525,9,0.0,454632,6,0.0,1,"(0,0)",52,22,-11,11.5,-89,85.6,15,15,11.0,12345678,727,19,0,3750240000,3750240000,3.2,1740771089131
17,c601,1,137959,9,0.0,456106,6,0.0,1,"(0,0)",52,22,-11,11.5,-89,85.6,15,15,18.5,12345678,827,19,0,3750240000,3750240000,3.0,1740771090131
17,c601,1,138377,9,0.0,457580,6,0.0,1,"(0,0)",52,22,-11,11.5,-89,84.9,15,15,10.5,12345678,927,19,0,3750240000,3750240000,3.0,1740771091131
17,c601,1,138811,9,0.0,459054,6,0.0,1,"(0,0)",52,22,-11,12,-89,85.5,15,14,18.5,12345678,3,19,0,3750240000,3750240000,3.0,1740771092131
17,c601,1,139229,9,0.0,460395,6,0.0,1,"(0,0)",52,22,-11,12,-89,85.7,15,14,18.5,12345678,103,19,0,3750240000,3750240000,3.1,1740771093131
17,c601,1,139663,9,0.0,461853,6,0.0,1,"(0,0)",52,22,-11,12.5,-89,85.1,15,14,11.0,12345678,203,19,0,3750240000,3750240000,3.3,1740771094131
17,c601,1,140081,9,0.0,463343,6,0.0,1,"(0,0)",52,22,-11,11.5,-89,85.5,15,14,19.0,12345678,303,19,0,3750240000,3750240000,3.0,1740771095131
17,c601,1,140515,9,0.0,464801,6,0.0,1,"(0,0)",52,22,-11,12,-89,84.9,15,15,10.0,12345678,403,19,0,3750240000,3750240000,3.2,1740771096131
17,c601,1,140933,9,0.0,466291,6,0.0,1,"(0,0)",52,22,-11,11.5,-89,83.9,15,15,17.5,12345678,503,19,0,3750240000,3750240000,3.1,1740771097131
17,c601,1,141367,9,0.0,467616,6,0.0,1,"(0,0)",52,22,-11,12,-89,85.6,15,15,19.0,12345678,603,19,0,3750240000,3750240000,3.0,1740771098131
17,c601,1,141785,9,0.0,469090,6,0.0,1,"(0,0)",52,22,-11,11.5,-89,83.7,15,14,9.0,12345678,703,19,0,3750240000,3750240000,3.0,1740771099131
17,c601,1,142219,9,0.0,470564,6,0.0,1,"(0,0)",52,22,-11,12,-89,85.5,15,17,18.0,12345678,803,19,0,3750240000,3750240000,3.2,1740771100131
17,c601,1,142637,9,0.0,472038,6,0.0,1,"(0,0)",52,22,-11,12,-89,84.8,15,14,11.0,12345678,903,19,0,3750240000,3750240000,3.0,1740771101131
17,c601,1,143071,9,0.0,473512,6,0.0,1,"(0,0)",52,22,-11,12,-89,84.5,15,15,17.0,12345678,1003,19,0,3750240000,3750240000,3.1,1740771102131
17,c601,1,143489,9,0.0,474853,6,0.0,1,"(0,0)",52,22,-11,12,-89,83.7,15,15,16.0,12345678,79,19,0,3750240000,3750240000,3.1,1740771103131
17,c601,1,143923,9,0.0,476311,6,0.0,1,"(0,0)",52,22,-11,12,-89,84.8,15,14,11.0,12345678,179,19,0,3750240000,3750240000,3.0,1740771104131
17,c601,1,144341,9,0.0,477801,6,0.0,1,"(0,0)",52,22,-11,12,-89,83.8,15,13,17.0,12345678,279,19,0,3750240000,3750240000,3.0,1740771105131
17,c601,1,144775,9,0.0,479259,6,0.0,1,"(0,0)",52,22,-11,12,-89,84.9,15,15,11.0,12345678,379,19,0,3750240000,3750240000,3.0,1740771106131
17,c601,1,145193,9,0.0,480749,6,0.0,1,"(0,0)",52,22,-11,12,-89,83.6,15,15,16.0,12345678,479,19,0,3750240000,3750240000,3.0,1740771107131
17,c601,1,145627,9,0.0,482074,6,0.0,1,"(0,0)",52,22,-11,11.5,-89,85.7,15,15,19.0,12345678,579,19,0,3750240000,3750240000,3.1,1740771108131
17,c601,1,146045,9,0.0,483548,6,0.0,1,"(0,0)",52,22,-11,12,-89,84.6,15,15,18.0,12345678,679,19,0,3750240000,3750240000,3.0,1740771109131
17,c601,1,146479,9,0.0,485022,6,0.0,1,"(0,0)",52,22,-11,12,-89,84.7,15,17,18.0,12345678,779,19,0,3750240000,3750240000,3.0,1740771110131
17,c601,1,146897,9,0.0,486496,6,0.0,1,"(0,0)",52,22,-11,11.5,-89,84.6,15,15,18.5,12345678,879,19,0,3750240000,3750240000,3.0,1740771111131
17,c601,1,147331,9,0.0,487970,6,0.0,1,"(0,0)",52,22,-11,11.5,-89,85.4,15,15,19.0,12345678,979,19,0,3750240000,3750240000,3.1,1740771112131
17,c601,1,147749,9,0.0,489412,6,0.0,1,"(0,0)",52,22,-11,12,-89,84.6,15,15,18.5,12345678,55,19,0,3750240000,3750240000,3.0,1740771113131
17,c601,1,147966,9,0.0,490721,6,0.0,1,"(0,0)",52,22,-11,12,-89,85.7,15,15,19.0,12345678,155,19,0,3750240000,3750240000,3.1,1740771114131
17,c601,1,148400,9,0.0,492179,6,0.0,1,"(0,0)",52,22,-11,12,-89,85.1,15,17,11.0,12345678,255,19,0,3750240000,3750240000,3.2,1740771115131
17,c601,1,148818,9,0.0,493669,6,0.0,1,"(0,0)",52,22,-11,12,-89,85.6,15,13,19.5,12345678,355,19,0,3750240000,3750240000,3.1,1740771116131
17,c601,1,149252,9,0.0,495127,6,0.0,1,"(0,0)",52,22,-11,11.5,-89,85.9,15,13,12.0,12345678,455,19,0,3750240000,3750240000,3.1,1740771117131
17,c601,1,149670,9,0.0,496617,6,0.0,1,"(0,0)",52,22,-11,12,-89,86.0,15,15,20.0,12345678,555,19,0,3750240000,3750240000,3.1,1740771118131
17,c601,1,150104,9,0.0,497942,6,0.0,1,"(0,0)",52,22,-11,12,-89,85.5,15,15,20.0,12345678,655,19,0,3750240000,3750240000,3.0,1740771119131
17,c601,1,150522,9,0.0,499416,6,0.0,1,"(0,0)",52,22,-11,12,-89,85.5,15,15,11.5,12345678,755,19,0,3750240000,3750240000,3.2,1740771120131
17,c601,1,150956,9,0.0,500890,6,0.0,1,"(0,0)",52,22,-11,11.5,-89,85.6,15,13,18.5,12345678,855,19,0,3750240000,3750240000,3.1,1740771121131
17,c601,1,151374,9,0.0,502364,6,0.0,1,"(0,0)",52,22,-11,12,-89,84.6,15,14,10.5,12345678,955,19,0,3750240000,3750240000,3.0,1740771122131
17,c601,1,151808,9,0.0,503838,6,0.0,1,"(0,0)",52,22,-11,11.5,-89,85.8,15,15,19.5,12345678,31,19,0,3750240000,3750240000,3.0,1740771123131
17,c601,1,152226,9,0.0,505179,6,0.0,1,"(0,0)",52,22,-11,12,-89,85.6,15,15,19.0,12345678,131,19,0,3750240000,3750240000,3.2,1740771124131
17,c601,1,152660,9,0.0,506637,6,0.0,1,"(0,0)",52,22,-11,12,-89,84.9,15,15,11.0,12345678,231,19,0,3750240000,3750240000,3.2,1740771125131
17,c601,1,153078,9,0.0,508127,6,0.0,1,"(0,0)",52,22,-11,11.5,-89,84.6,15,14,18.0,12345678,331,19,0,3750240000,3750240000,3.1,1740771126131
17,c601,1,153512,9,0.0,509585,6,0.0,1,"(0,0)",52,22,-11,12,-89,84.9,15,15,11.0,12345678,431,19,0,3750240000,3750240000,3.0,1740771127131
17,c601,1,153930,9,0.0,511075,6,0.0,1,"(0,0)",52,22,-11,12,-89,85.7,15,15,20.0,12345678,531,19,0,3750240000,3750240000,3.1,1740771128131
17,c601,1,154364,9,0.0,512400,6,0.0,1,"(0,0)",52,22,-11,11.5,-89,85.6,15,17,19.0,12345678,631,19,0,3750240000,3750240000,3.0,1740771129131
17,c601,1,154782,9,0.0,513874,6,0.0,1,"(0,0)",52,22,-11,12,-89,84.6,15,14,10.0,12345678,731,19,0,3750240000,3750240000,3.0,1740771130131
17,c601,1,155216,9,0.0,515348,6,0.0,1,"(0,0)",52,22,-11,11.5,-89,86.0,15,14,21.0,12345678,831,19,0,3750240000,3750240000,3.0,1740771131131
17,c601,1,155634,9,0.0,516822,6,0.0,1,"(0,0)",52,22,-11,12,-89,85.1,15,14,11.0,12345678,931,19,0,3750240000,3750240000,3.0,1740771132131
17,c601,1,156068,9,0.0,518296,6,0.0,1,"(0,0)",52,22,-11,12,-89,85.6,15,15,19.0,12345678,7,19,0,3750240000,3750240000,3.0,1740771133131
17,c601,1,156486,9,0.0,519637,6,0.0,1,"(0,0)",52,22,-11,12,-89,84.7,15,14,18.0,12345678,107,19,0,3750240000,3750240000,3.0,1740771134131
17,c601,1,156920,9,0.0,521095,6,0.0,1,"(0,0)",52,22,-11,12,-89,84.8,15,14,11.0,12345678,207,19,0,3750240000,3750240000,3.2,1740771135131
17,c601,1,157338,9,0.0,522585,6,0.0,1,"(0,0)",52,22,-11,12,-89,85.6,15,15,18.5,12345678,307,19,0,3750240000,3750240000,3.0,1740771136131
17,c601,1,157772,9,0.0,524043,6,0.0,1,"(0,0)",52,22,-11,12,-89,86.0,15,15,12.5,12345678,407,19,0,3750240000,3750240000,3.0,1740771137131
17,c601,1,158190,9,0.0,525533,6,0.0,1,"(0,0)",52,22,-11,12,-89,85.5,15,14,18.5,12345678,507,19,0,3750240000,3750240000,3.0,1740771138131
17,c601,1,158624,9,0.0,526858,6,0.0,1,"(0,0)",52,22,-11,12,-89,84.5,15,15,18.0,12345678,607,19,0,3750240000,3750240000,3.1,1740771139131
17,c601,1,159042,9,0.0,528332,6,0.0,1,"(0,0)",52,22,-11,11.5,-89,84.8,15,15,10.5,12345678,707,19,0,3750240000,3750240000,3.4,1740771140131
17,c601,1,159476,9,0.0,529806,6,0.0,1,"(0,0)",52,22,-11,11.5,-89,85.5,15,15,19.0,12345678,807,19,0,3750240000,3750240000,3.1,1740771141131
17,c601,1,159894,9,0.0,531280,6,0.0,1,"(0,0)",52,22,-11,12,-89,85.3,15,12,11.0,12345678,907,19,0,3750240000,3750240000,3.3,1740771142131
17,c601,1,160328,9,0.0,532754,6,0.0,1,"(0,0)",52,22,-11,12,-89,85.6,15,15,18.5,12345678,1007,19,0,3750240000,3750240000,3.1,1740771143131
17,c601,1,160746,9,0.0,534095,6,0.0,1,"(0,0)",52,22,-11,12,-89,84.5,15,14,17.5,12345678,83,19,0,3750240000,3750240000,3.1,1740771144131
17,c601,1,161180,9,0.0,535553,6,0.0,1,"(0,0)",52,22,-11,12,-89,85.1,15,14,11.0,12345678,183,19,0,3750240000,3750240000,3.2,1740771145131
17,c601,1,161598,9,0.0,537043,6,0.0,1,"(0,0)",52,22,-11,11.5,-89,85.6,15,14,18.5,12345678,283,19,0,3750240000,3750240000,3.0,1740771146131
17,c601,1,162032,9,0.0,538501,6,0.0,1,"(0,0)",52,22,-11,12,-89,84.6,15,15,11.0,12345678,383,19,0,3750240000,3750240000,3.0,1740771147131
17,c601,1,162450,9,0.0,539991,6,0.0,1,"(0,0)",52,22,-11,12,-89,84.7,15,14,18.5,12345678,483,19,0,3750240000,3750240000,3.0,1740771148131
17,c601,1,162884,9,0.0,541316,6,0.0,1,"(0,0)",52,22,-11,12,-89,85.7,15,15,20.0,12345678,583,19,0,3750240000,3750240000,3.0,1740771149131
17,c601,1,163302,9,0.0,542790,6,0.0,1,"(0,0)",52,22,-11,11.5,-89,84.1,15,14,10.0,12345678,683,19,0,3750240000,3750240000,3.0,1740771150131
17,c601,1,163736,9,0.0,544264,6,0.0,1,"(0,0)",52,22,-11,11.5,-89,85.6,15,13,19.5,12345678,783,19,0,3750240000,3750240000,3.2,1740771151131
17,c601,1,164154,9,0.0,545738,6,0.0,1,"(0,0)",52,22,-11,12,-89,85.0,15,13,10.5,12345678,883,19,0,3750240000,3750240000,3.0,1740771152131
17,c601,1,164588,9,0.0,547212,6,0.0,1,"(0,0)",52,22,-11,12,-89,85.7,15,15,18.5,12345678,983,19,0,3750240000,3750240000,3.0,1740771153131
17,c601,1,165006,9,0.0,548553,6,0.0,1,"(0,0)",52,22,-11,12,-89,83.8,15,15,16.5,12345678,59,19,0,3750240000,3750240000,3.0,1740771154131
17,c601,1,165440,9,0.0,550011,6,0.0,1,"(0,0)",52,22,-11,12,-89,85.2,15,15,11.0,12345678,159,19,0,3750240000,3750240000,3.1,1740771155131
17,c601,1,165858,9,0.0,551501,6,0.0,1,"(0,0)",52,22,-11,11.5,-89,84.6,15,15,18.0,12345678,259,19,0,3750240000,3750240000,3.0,1740771156131
17,c601,1,166509,9,0.0,552934,6,0.0,1,"(0,0)",52,22,-11,12,-89,84.9,15,16,11.0,12345678,359,19,0,3750240000,3750240000,3.2,1740771157131
17,c601,1,167144,9,0.0,554431,6,0.0,1,"(0,0)",52,22,-11,11.5,-89,83.6,15,14,16.5,12345678,459,19,0,3750240000,3750240000,3.0,1740771158131
17,c601,1,167779,9,0.0,555779,6,0.0,1,"(0,0)",52,22,-11,12,-89,84.7,15,14,18.0,12345678,559,19,0,3750240000,3750240000,3.0,1740771159131
17,c601,1,168414,9,0.0,557212,6,0.0,1,"(0,0)",52,22,-11,11.5,-89,84.4,15,15,17.0,12345678,659,19,0,3750240000,3750240000,3.1,1740771160131
17,c601,1,169065,9,0.0,558661,6,0.0,1,"(0,0)",52,22,-11,12,-89,84.6,15,14,18.5,12345678,759,19,0,3750240000,3750240000,3.2,1740771161131
17,c601,1,169700,9,0.0,560094,6,0.0,1,"(0,0)",52,22,-11,11.5,-89,85.8,15,17,20.0,12345678,859,19,0,3750240000,3750240000,3.1,1740771162131
17,c601,1,170134,9,0.0,561568,6,0.0,1,"(0,0)",52,22,-11,11.5,-89,84.8,15,14,18.5,12345678,959,19,0,3750240000,3750240000,3.1,1740771163131
17,c601,1,170769,9,0.0,563166,6,0.0,1,"(0,0)",52,22,-11,11.5,-89,83.6,15,15,16.0,12345678,35,19,0,3750240000,3750240000,3.0,1740771164131
17,c601,1,170986,9,0.0,564656,6,0.0,1,"(0,0)",52,22,-11,11.5,-89,83.5,15,13,17.0,12345678,135,19,0,3750240000,3750240000,3.0,1740771165131
17,c601,1,171420,9,0.0,565981,6,0.0,1,"(0,0)",52,22,-11,12,-89,84.6,15,15,10.5,12345678,235,19,0,3750240000,3750240000,3.2,1740771166131
17,c601,1,171838,9,0.0,567471,6,0.0,1,"(0,0)",52,22,-11,12,-89,85.6,15,14,18.0,12345678,335,19,0,3750240000,3750240000,3.0,1740771167131
17,c601,1,172489,9,0.0,568888,6,0.0,1,"(0,0)",52,22,-11,12,-89,84.7,15,17,10.5,12345678,435,19,0,3750240000,3750240000,3.1,1740771168131
17,c601,1,172907,9,0.0,570378,6,0.0,1,"(0,0)",52,22,-11,12,-89,84.5,15,15,18.0,12345678,535,19,0,3750240000,3750240000,3.0,1740771169131
17,c601,1,173341,9,0.0,571703,6,0.0,1,"(0,0)",52,22,-11,12,-89,85.8,15,14,19.5,12345678,635,19,0,3750240000,3750240000,3.0,1740771170131
17,c601,1,173759,9,0.0,573177,6,0.0,1,"(0,0)",52,22,-11,12,-89,85.0,15,14,11.5,12345678,735,19,0,3750240000,3750240000,3.1,1740771171131
17,c601,1,174193,9,0.0,574651,6,0.0,1,"(0,0)",52,22,-11,11.5,-89,85.6,15,15,19.5,12345678,835,19,0,3750240000,3750240000,3.0,1740771172131
17,c601,1,174611,9,0.0,576125,6,0.0,1,"(0,0)",52,22,-11,12,-89,84.7,15,15,10.5,12345678,935,19,0,3750240000,3750240000,3.1,1740771173131
17,c601,1,175045,9,0.0,577599,6,0.0,1,"(0,0)",52,22,-11,12,-89,85.7,15,13,19.5,12345678,11,19,0,3750240000,3750240000,3.3,1740771174131
17,c601,1,175463,9,0.0,578940,6,0.0,1,"(0,0)",52,22,-11,12,-89,86.0,15,14,20.0,12345678,111,19,0,3750240000,3750240000,3.1,1740771175131
17,c601,1,176098,9,0.0,580522,6,0.0,1,"(0,0)",52,22,-11,11.5,-89,84.8,15,15,19.0,12345678,211,19,0,3750240000,3750240000,3.1,1740771176131
17,c601,1,176516,9,0.0,581879,6,0.0,1,"(0,0)",52,22,-11,12,-89,85.8,15,14,19.0,12345678,311,19,0,3750240000,3750240000,3.0,1740771177131
17,c601,1,176950,9,0.0,583337,6,0.0,1,"(0,0)",52,22,-11,12,-89,84.6,15,13,10.5,12345678,411,19,0,3750240000,3750240000,3.0,1740771178131
17,c601,1,177368,9,0.0,584827,6,0.0,1,"(0,0)",52,22,-11,12,-89,85.5,15,15,18.0,12345678,511,19,0,3750240000,3750240000,3.0,1740771179131
17,c601,1,177802,9,0.0,586152,6,0.0,1,"(0,0)",52,22,-11,11.5,-89,85.6,15,14,19.0,12345678,611,19,0,3750240000,3750240000,3.0,1740771180131
17,c601,1,178220,9,0.0,587626,6,0.0,1,"(0,0)",52,22,-11,12,-89,84.8,15,13,10.5,12345678,711,19,0,3750240000,3750240000,3.0,1740771181131
17,c601,1,178654,9,0.0,589100,6,0.0,1,"(0,0)",52,22,-11,11.5,-89,85.5,15,12,19.0,12345678,811,19,0,3750240000,3750240000,3.1,1740771182131
17,c601,1,179072,9,0.0,590574,6,0.0,1,"(0,0)",52,22,-11,11.5,-89,85.6,15,15,11.5,12345678,911,19,0,3750240000,3750240000,3.2,1740771183131
17,c601,1,179506,9,0.0,592048,6,0.0,1,"(0,0)",52,22,-11,12,-89,85.6,15,14,19.5,12345678,1011,19,0,3750240000,3750240000,3.0,1740771184131
17,c601,1,179924,9,0.0,593389,6,0.0,1,"(0,0)",52,22,-11,12,-89,85.6,15,14,19.0,12345678,87,19,0,3750240000,3750240000,3.1,1740771185131
17,c601,1,180358,9,0.0,594847,6,0.0,1,"(0,0)",52,22,-11,12,-89,85.3,15,15,11.0,12345678,187,19,0,3750240000,3750240000,3.0,1740771186131
17,c601,1,180776,9,0.0,596337,6,0.0,1,"(0,0)",52,22,-11,12,-89,84.7,15,15,17.5,12345678,287,19,0,3750240000,3750240000,3.4,1740771187131
17,c601,1,181210,9,0.0,597795,6,0.0,1,"(0,0)",52,22,-11,11.5,-89,86.0,15,15,12.5,12345678,387,19,0,3750240000,3750240000,3.0,1740771188131
17,c601,1,181628,9,0.0,599285,6,0.0,1,"(0,0)",52,22,-11,12,-89,85.5,15,17,19.0,12345678,487,19,0,3750240000,3750240000,3.0,1740771189131
17,c601,1,182062,9,0.0,600610,6,0.0,1,"(0,0)",52,22,-11,12,-89,85.5,15,14,19.0,12345678,587,19,0,3750240000,3750240000,3.0,1740771190131
17,c601,1,182480,9,0.0,602084,6,0.0,1,"(0,0)",52,22,-11,11.5,-89,84.7,15,13,10.0,12345678,687,19,0,3750240000,3750240000,3.2,1740771191131
17,c601,1,182914,9,0.0,603558,6,0.0,1,"(0,0)",52,22,-11,12,-89,85.7,15,17,19.0,12345678,787,19,0,3750240000,3750240000,3.0,1740771192131
17,c601,1,183332,9,0.0,605032,6,0.0,1,"(0,0)",52,22,-11,11.5,-89,85.2,15,14,11.5,12345678,887,19,0,3750240000,3750240000,3.0,1740771193131
17,c601,1,183766,9,0.0,606506,6,0.0,1,"(0,0)",52,22,-11,11.5,-89,85.5,15,13,18.5,12345678,987,19,0,3750240000,3750240000,3.0,1740771194131
17,c601,1,184184,9,0.0,607847,6,0.0,1,"(0,0)",52,22,-11,11.5,-89,85.8,15,15,19.0,12345678,63,19,0,3750240000,3750240000,3.0,1740771195131
17,c601,1,184618,9,0.0,609305,6,0.0,1,"(0,0)",52,22,-11,12,-89,84.7,15,16,11.5,12345678,163,19,0,3750240000,3750240000,3.0,1740771196131
17,c601,1,185036,9,0.0,610795,6,0.0,1,"(0,0)",52,22,-11,12,-89,84.6,15,14,18.0,12345678,263,19,0,3750240000,3750240000,3.0,1740771197131
17,c601,1,185470,9,0.0,612253,6,0.0,1,"(0,0)",52,22,-11,12,-89,84.9,15,14,10.0,12345678,363,19,0,3750240000,3750240000,3.0,1740771198131
17,c601,1,185888,9,0.0,613743,6,0.0,1,"(0,0)",52,22,-11,11.5,-89,85.7,15,15,20.0,12345678,463,19,0,3750240000,3750240000,3.0,1740771199131
17,c601,1,186322,9,0.0,615068,6,0.0,1,"(0,0)",52,22,-11,11.5,-89,85.8,15,14,20.0,12345678,563,19,0,3750240000,3750240000,3.0,1740771200131
17,c601,1,186740,9,0.0,616542,6,0.0,1,"(0,0)",52,22,-11,12,-89,83.9,15,15,10.0,12345678,663,19,0,3750240000,3750240000,3.0,1740771201131
17,c601,1,187174,9,0.0,618016,6,0.0,1,"(0,0)",52,22,-11,12,-89,84.6,15,17,18.5,12345678,763,19,0,3750240000,3750240000,3.1,1740771202131
17,c601,1,187592,9,0.0,619490,6,0.0,1,"(0,0)",52,22,-11,12,-89,84.8,15,14,11.0,12345678,863,19,0,3750240000,3750240000,3.1,1740771203131
17,c601,1,188026,9,0.0,620964,6,0.0,1,"(0,0)",52,22,-11,12,-89,84.6,15,15,17.5,12345678,963,19,0,3750240000,3750240000,3.0,1740771204131
17,c601,1,188444,9,0.0,622305,6,0.0,1,"(0,0)",52,22,-11,12,-89,83.7,15,14,17.5,12345678,39,19,0,3750240000,3750240000,3.0,1740771205131
17,c601,1,188878,9,0.0,623763,6,0.0,1,"(0,0)",52,22,-11,12,-89,84.9,15,14,10.5,12345678,139,19,0,3750240000,3750240000,3.2,1740771206131
17,c601,1,189296,9,0.0,625253,6,0.0,1,"(0,0)",52,22,-11,12,-89,83.5,15,15,16.0,12345678,239,19,0,3750240000,3750240000,3.0,1740771207131
17,c601,1,189730,9,0.0,626711,6,0.0,1,"(0,0)",52,22,-11,11.5,-89,83.8,15,17,10.0,12345678,339,19,0,3750240000,3750240000,3.0,1740771208131
17,c601,1,190148,9,0.0,628201,6,0.0,1,"(0,0)",52,22,-11,11.5,-89,83.7,15,14,17.0,12345678,439,19,0,3750240000,3750240000,3.1,1740771209131
17,c601,1,190582,9,0.0,629526,6,0.0,1,"(0,0)",52,22,-11,12,-89,85.6,15,15,18.5,12345678,539,19,0,3750240000,3750240000,3.0,1740771210131
17,c601,1,191000,9,0.0,631000,6,0.0,1,"(0,0)",52,22,-11,12,-89,84.7,15,17,19.0,12345678,639,19,0,3750240000,3750240000,3.0,1740771211131
17,c601,1,191434,9,0.0,632474,6,0.0,1,"(0,0)",52,22,-11,12,-89,84.7,15,15,18.5,12345678,739,19,0,3750240000,3750240000,3.1,1740771212131
17,c601,1,191852,9,0.0,633948,6,0.0,1,"(0,0)",52,22,-11,12,-89,84.6,15,15,18.0,12345678,839,19,0,3750240000,3750240000,3.0,1740771213131
17,c601,1,192286,9,0.0,635422,6,0.0,1,"(0,0)",52,22,-11,11.5,-89,84.6,15,14,17.5,12345678,939,19,0,3750240000,3750240000,3.1,1740771214131
17,c601,1,192704,9,0.0,636864,6,0.0,1,"(0,0)",52,22,-11,11.5,-89,84.3,15,15,17.5,12345678,15,19,0,3750240000,3750240000,3.0,1740771215131
17,c601,1,192921,9,0.0,638173,6,0.0,1,"(0,0)",52,22,-11,11.5,-89,85.6,15,15,19.0,12345678,115,19,0,3750240000,3750240000,3.0,1740771216131
17,c601,1,193355,9,0.0,639631,6,0.0,1,"(0,0)",52,22,-11,12,-89,85.5,15,15,11.5,12345678,215,19,0,3750240000,3750240000,3.0,1740771217131
17,c601,1,193773,9,0.0,641121,6,0.0,1,"(0,0)",52,22,-11,11.5,-89,85.6,15,14,20.0,12345678,315,19,0,3750240000,3750240000,3.1,1740771218131
17,c601,1,194207,9,0.0,642579,6,0.0,1,"(0,0)",52,22,-11,11.5,-89,84.2,15,15,9.0,12345678,415,19,0,3750240000,3750240000,3.1,1740771219131
17,c601,1,194625,9,0.0,644069,6,0.0,1,"(0,0)",52,22,-11,12,-89,85.6,15,16,19.0,12345678,515,19,0,3750240000,3750240000,3.2,1740771220131
17,c601,1,195059,9,0.0,645394,6,0.0,1,"(0,0)",52,22,-11,11.5,-89,85.6,15,15,19.5,12345678,615,19,0,3750240000,3750240000,3.1,1740771221131
17,c601,1,195477,9,0.0,646868,6,0.0,1,"(0,0)",52,22,-11,12,-89,84.7,15,15,10.0,12345678,715,19,0,3750240000,3750240000,3.0,1740771222131
17,c601,1,195911,9,0.0,648342,6,0.0,1,"(0,0)",52,22,-11,12,-89,86.0,15,18,20.5,12345678,815,19,0,3750240000,3750240000,3.0,1740771223131
17,c601,1,196329,9,0.0,649816,6,0.0,1,"(0,0)",52,22,-11,11.5,-89,84.9,15,18,9.0,12345678,915,19,0,3750240000,3750240000,3.2,1740771224131
17,c601,1,196763,9,0.0,651290,6,0.0,1,"(0,0)",52,22,-11,12,-89,85.6,15,15,20.0,12345678,1015,19,0,3750240000,3750240000,3.0,1740771225131
17,c601,1,197181,9,0.0,652631,6,0.0,1,"(0,0)",52,22,-11,12,-89,85.6,15,16,18.0,12345678,91,19,0,3750240000,3750240000,3.0,1740771226131
17,c601,1,197615,9,0.0,654089,6,0.0,1,"(0,0)",52,22,-11,12,-89,85.7,15,16,10.0,12345678,191,19,0,3750240000,3750240000,3.0,1740771227131
17,c601,1,198033,9,0.0,655579,6,0.0,1,"(0,0)",52,22,-11,12,-89,86.0,15,16,20.0,12345678,291,19,0,3750240000,3750240000,3.1,1740771228131
17,c601,1,198467,9,0.0,657037,6,0.0,1,"(0,0)",52,22,-11,11.5,-89,85.8,15,13,11.5,12345678,391,19,0,3750240000,3750240000,3.0,1740771229131
17,c601,1,198885,9,0.0,658527,6,0.0,1,"(0,0)",52,22,-11,11.5,-89,85.8,15,18,19.0,12345678,491,19,0,3750240000,3750240000,3.0,1740771230131
17,c601,1,199319,9,0.0,659852,6,0.0,1,"(0,0)",52,22,-11,12,-89,85.7,15,15,18.0,12345678,591,19,0,3750240000,3750240000,3.0,1740771231131
17,c601,1,199737,9,0.0,661326,6,0.0,1,"(0,0)",52,22,-11,11.5,-89,85.2,15,16,9.5,12345678,691,19,0,3750240000,3750240000,3.0,1740771232131
17,c601,1,200171,9,0.0,662800,6,0.0,1,"(0,0)",52,22,-11,12,-89,86.0,15,15,20.0,12345678,791,19,0,3750240000,3750240000,3.1,1740771233131
17,c601,1,200589,9,0.0,664274,6,0.0,1,"(0,0)",52,22,-11,12,-89,85.3,15,17,10.0,12345678,891,19,0,3750240000,3750240000,3.0,1740771234131
17,c601,1,201023,9,0.0,665748,6,0.0,1,"(0,0)",52,22,-11,12,-89,85.8,15,16,19.0,12345678,991,19,0,3750240000,3750240000,3.1,1740771235131
17,c601,1,201441,9,0.0,667089,6,0.0,1,"(0,0)",52,22,-11,12,-89,85.5,15,16,18.0,12345678,67,19,0,3750240000,3750240000,3.0,1740771236131
17,c601,1,201875,9,0.0,668547,6,0.0,1,"(0,0)",52,22,-11,12,-89,85.0,15,14,10.0,12345678,167,19,0,3750240000,3750240000,3.0,1740771237131
17,c601,1,202293,9,0.0,670037,6,0.0,1,"(0,0)",52,22,-11,11.5,-89,85.7,15,14,19.5,12345678,267,19,0,3750240000,3750240000,3.1,1740771238131
17,c601,1,202727,9,0.0,671495,6,0.0,1,"(0,0)",52,22,-11,11.5,-89,86.0,15,15,11.0,12345678,367,19,0,3750240000,3750240000,3.0,1740771239131
17,c601,1,203145,9,0.0,672985,6,0.0,1,"(0,0)",52,22,-11,12,-89,85.6,15,16,17.5,12345678,467,19,0,3750240000,3750240000,3.1,1740771240131
17,c601,1,203579,9,0.0,674310,6,0.0,1,"(0,0)",52,22,-11,12,-89,86.0,15,16,19.5,12345678,567,19,0,3750240000,3750240000,3.0,1740771241131
17,c601,1,203997,9,0.0,675784,6,0.0,1,"(0,0)",52,22,-11,12,-89,85.2,15,16,10.0,12345678,667,19,0,3750240000,3750240000,3.1,1740771242131
17,c601,1,204431,9,0.0,677258,6,0.0,1,"(0,0)",52,22,-11,12,-89,85.7,15,16,19.0,12345678,767,19,0,3750240000,3750240000,3.0,1740771243131
17,c601,1,204849,9,0.0,678732,6,0.0,1,"(0,0)",52,22,-11,11.5,-89,84.9,15,18,9.5,12345678,867,19,0,3750240000,3750240000,3.1,1740771244131
17,c601,1,205283,9,0.0,680206,6,0.0,1,"(0,0)",52,22,-11,12,-89,86.0,15,16,18.5,12345678,967,19,0,3750240000,3750240000,3.1,1740771245131
17,c601,1,205701,9,0.0,681547,6,0.0,1,"(0,0)",52,22,-11,11.5,-89,84.6,15,15,16.5,12345678,43,19,0,3750240000,3750240000,3.0,1740771246131
17,c601,1,206135,9,0.0,683005,6,0.0,1,"(0,0)",52,22,-11,12,-89,84.9,15,16,9.0,12345678,143,19,0,3750240000,3750240000,3.1,1740771247131
17,c601,1,206553,9,0.0,684495,6,0.0,1,"(0,0)",52,22,-11,12,-89,84.7,15,15,18.5,12345678,243,19,0,3750240000,3750240000,3.0,1740771248131
17,c601,1,206987,9,0.0,685953,6,0.0,1,"(0,0)",52,22,-11,11.5,-89,86.0,15,14,11.5,12345678,343,19,0,3750240000,3750240000,3.3,1740771249131
17,c601,1,207405,9,0.0,687443,6,0.0,1,"(0,0)",52,22,-11,12,-89,85.6,15,16,19.5,12345678,443,19,0,3750240000,3750240000,3.0,1740771250131
17,c601,1,207839,9,0.0,688768,6,0.0,1,"(0,0)",52,22,-11,12,-89,85.6,15,16,18.5,12345678,543,19,0,3750240000,3750240000,3.0,1740771251131
17,c601,1,208257,9,0.0,690242,6,0.0,1,"(0,0)",52,22,-11,11.5,-89,84.3,15,16,8.5,12345678,643,19,0,3750240000,3750240000,3.1,1740771252131
17,c601,1,208691,9,0.0,691716,6,0.0,1,"(0,0)",52,22,-11,12,-89,84.6,15,18,17.0,12345678,743,19,0,3750240000,3750240000,3.1,1740771253131
17,c601,1,209109,9,0.0,693190,6,0.0,1,"(0,0)",52,22,-11,12,-89,83.7,15,14,8.0,12345678,843,19,0,3750240000,3750240000,3.0,1740771254131
17,c601,1,209543,9,0.0,694664,6,0.0,1,"(0,0)",52,22,-11,12,-89,84.6,15,15,17.0,12345678,943,19,0,3750240000,3750240000,3.2,1740771255131
17,c601,1,209961,9,0.0,696005,6,0.0,1,"(0,0)",52,22,-11,11.5,-89,84.7,15,16,17.5,12345678,19,19,0,3750240000,3750240000,3.0,1740771256131
17,c601,1,210395,9,0.0,697463,6,0.0,1,"(0,0)",52,22,-11,12,-89,83.9,15,17,9.0,12345678,119,19,0,3750240000,3750240000,3.2,1740771257131
17,c601,1,210813,9,0.0,698953,6,0.0,1,"(0,0)",52,22,-11,12,-89,84.6,15,15,18.0,12345678,219,19,0,3750240000,3750240000,3.0,1740771258131
17,c601,1,211247,9,0.0,700411,6,0.0,1,"(0,0)",52,22,-11,11.5,-89,84.5,15,15,9.0,12345678,319,19,0,3750240000,3750240000,3.0,1740771259131
17,c601,1,211665,9,0.0,701901,6,0.0,1,"(0,0)",52,22,-11,12,-89,84.7,15,15,17.0,12345678,419,19,0,3750240000,3750240000,3.0,1740771260131
17,c601,1,212099,9,0.0,703226,6,0.0,1,"(0,0)",52,22,-11,11.5,-89,84.6,15,15,18.0,12345678,519,19,0,3750240000,3750240000,3.0,1740771261131
17,c601,1,212517,9,0.0,704700,6,0.0,1,"(0,0)",52,22,-11,12,-89,84.9,15,16,18.5,12345678,619,19,0,3750240000,3750240000,3.0,1740771262131
17,c601,1,212951,9,0.0,706174,6,0.0,1,"(0,0)",52,22,-11,11.5,-89,85.4,15,16,19.0,12345678,719,19,0,3750240000,3750240000,3.1,1740771263131
17,c601,1,213369,9,0.0,707648,6,0.0,1,"(0,0)",52,22,-11,12,-89,84.9,15,15,18.5,12345678,819,19,0,3750240000,3750240000,3.2,1740771264131
17,c601,1,213803,9,0.0,709122,6,0.0,1,"(0,0)",52,22,-11,12,-89,84.8,15,14,18.0,12345678,919,19,0,3750240000,3750240000,3.1,1740771265131
17,c601,1,214221,9,0.0,710564,6,0.0,1,"(0,0)",52,22,-11,11.5,-89,84.7,15,14,17.5,12345678,1019,19,0,3750240000,3750240000,3.1,1740771266131
17,c601,1,214438,9,0.0,711873,6,0.0,1,"(0,0)",52,22,-11,11.5,-89,85.7,15,16,17.5,12345678,95,19,0,3750240000,3750240000,3.2,1740771267131
17,c601,1,214872,9,0.0,713331,6,0.0,1,"(0,0)",52,22,-11,12,-89,86.0,15,15,11.5,12345678,195,19,0,3750240000,3750240000,3.0,1740771268131
17,c601,1,215290,9,0.0,714821,6,0.0,1,"(0,0)",52,22,-11,12,-89,86.0,15,18,19.0,12345678,295,19,0,3750240000,3750240000,3.1,1740771269131
17,c601,1,215724,9,0.0,716279,6,0.0,1,"(0,0)",52,22,-11,12,-89,85.0,15,16,10.0,12345678,395,19,0,3750240000,3750240000,3.0,1740771270131
17,c601,1,216142,9,0.0,717769,6,0.0,1,"(0,0)",52,22,-11,12,-89,86.0,15,18,20.0,12345678,495,19,0,3750240000,3750240000,3.0,1740771271131
17,c601,1,216576,9,0.0,719094,6,0.0,1,"(0,0)",52,22,-11,11.5,-89,86.0,15,15,20.5,12345678,595,19,0,3750240000,3750240000,3.0,1740771272131
17,c601,1,216994,9,0.0,720568,6,0.0,1,"(0,0)",52,22,-11,12,-89,84.8,15,16,9.5,12345678,695,19,0,3750240000,3750240000,3.0,1740771273131
17,c601,1,217428,9,0.0,722042,6,0.0,1,"(0,0)",52,22,-11,11.5,-89,85.7,15,16,18.5,12345678,795,19,0,3750240000,3750240000,3.1,1740771274131
17,c601,1,217846,9,0.0,723516,6,0.0,1,"(0,0)",52,22,-11,12,-89,85.6,15,14,10.5,12345678,895,19,0,3750240000,3750240000,3.2,1740771275131
17,c601,1,218280,9,0.0,724990,6,0.0,1,"(0,0)",52,22,-11,11.5,-89,85.7,15,15,19.5,12345678,995,19,0,3750240000,3750240000,3.0,1740771276131
17,c601,1,218698,9,0.0,726331,6,0.0,1,"(0,0)",52,22,-11,12,-89,85.6,15,15,19.0,12345678,71,19,0,3750240000,3750240000,3.0,1740771277131
17,c601,1,219132,9,0.0,727789,6,0.0,1,"(0,0)",52,22,-11,12.5,-89,85.0,15,15,10.5,12345678,171,19,0,3750240000,3750240000,3.2,1740771278131
17,c601,1,219550,9,0.0,729279,6,0.0,1,"(0,0)",52,22,-11,11.5,-89,85.4,15,16,20.0,12345678,271,19,0,3750240000,3750240000,3.0,1740771279131
17,c601,1,219984,9,0.0,730737,6,0.0,1,"(0,0)",52,22,-11,11.5,-89,85.8,15,16,10.5,12345678,371,19,0,3750240000,3750240000,3.2,1740771280131
17,c601,1,220402,9,0.0,732227,6,0.0,1,"(0,0)",52,22,-11,12,-89,85.6,15,16,19.5,12345678,471,19,0,3750240000,3750240000,3.0,1740771281131
17,c601,1,220836,9,0.0,733552,6,0.0,1,"(0,0)",52,22,-11,12,-89,85.7,15,15,19.0,12345678,571,19,0,3750240000,3750240000,3.2,1740771282131
17,c601,1,221254,9,0.0,735026,6,0.0,1,"(0,0)",52,22,-11,12,-89,84.7,15,16,10.0,12345678,671,19,0,3750240000,3750240000,3.3,1740771283131
17,c601,1,221688,9,0.0,736500,6,0.0,1,"(0,0)",52,22,-11,11.5,-89,85.6,15,15,18.5,12345678,771,19,0,3750240000,3750240000,3.1,1740771284131
17,c601,1,222106,9,0.0,737974,6,0.0,1,"(0,0)",52,22,-11,12,-89,84.8,15,14,10.0,12345678,871,19,0,3750240000,3750240000,3.0,1740771285131
17,c601,1,222540,9,0.0,739448,6,0.0,1,"(0,0)",52,22,-11,12,-89,85.5,15,15,19.5,12345678,971,19,0,3750240000,3750240000,3.2,1740771286131
17,c601,1,222958,9,0.0,740789,6,0.0,1,"(0,0)",52,22,-11,12,-89,85.8,15,13,19.5,12345678,47,19,0,3750240000,3750240000,3.0,1740771287131
17,c601,1,223392,9,0.0,742247,6,0.0,1,"(0,0)",52,22,-11,11.5,-89,84.9,15,13,11.0,12345678,147,19,0,3750240000,3750240000,3.4,1740771288131
17,c601,1,223810,9,0.0,743737,6,0.0,1,"(0,0)",52,22,-11,12,-89,84.5,15,14,17.5,12345678,247,19,0,3750240000,3750240000,3.0,1740771289131
17,c601,1,224244,9,0.0,745195,6,0.0,1,"(0,0)",52,22,-11,12,-89,85.0,15,14,11.0,12345678,347,19,0,3750240000,3750240000,3.0,1740771290131
17,c601,1,224662,9,0.0,746685,6,0.0,1,"(0,0)",52,22,-11,12,-89,84.5,15,14,17.5,12345678,447,19,0,3750240000,3750240000,3.2,1740771291131
17,c601,1,225096,9,0.0,748010,6,0.0,1,"(0,0)",52,22,-11,11.5,-89,85.7,15,14,18.0,12345678,547,19,0,3750240000,3750240000,3.0,1740771292131
17,c601,1,225514,9,0.0,749484,6,0.0,1,"(0,0)",52,22,-11,11.5,-89,84.7,15,13,11.0,12345678,647,19,0,3750240000,3750240000,3.0,1740771293131
17,c601,1,225948,9,0.0,750958,6,0.0,1,"(0,0)",52,22,-11,12,-89,85.7,15,14,19.0,12345678,747,19,0,3750240000,3750240000,3.0,1740771294131
17,c601,1,226366,9,0.0,752432,6,0.0,1,"(0,0)",52,22,-11,11.5,-89,84.8,15,15,10.5,12345678,847,19,0,3750240000,3750240000,3.0,1740771295131
17,c601,1,226800,9,0.0,753906,6,0.0,1,"(0,0)",52,22,-11,12,-89,85.5,15,14,19.0,12345678,947,19,0,3750240000,3750240000,3.0,1740771296131
17,c601,1,227218,9,0.0,755247,6,0.0,1,"(0,0)",52,22,-11,12,-89,84.7,15,15,17.5,12345678,23,19,0,3750240000,3750240000,3.4,1740771297131
17,c601,1,227652,9,0.0,756705,6,0.0,1,"(0,0)",52,22,-11,12,-89,84.9,15,14,10.5,12345678,123,19,0,3750240000,3750240000,3.0,1740771298131
17,c601,1,228070,9,0.0,758195,6,0.0,1,"(0,0)",52,22,-11,12,-89,85.8,15,14,19.0,12345678,223,19,0,3750240000,3750240000,3.0,1740771299131
17,c601,1,228504,9,0.0,759653,6,0.0,1,"(0,0)",52,22,-11,11.5,-89,84.4,15,15,10.5,12345678,323,19,0,3750240000,3750240000,3.0,1740771300131
17,c601,1,228922,9,0.0,761143,6,0.0,1,"(0,0)",52,22,-11,12,-89,85.5,15,14,17.5,12345678,423,19,0,3750240000,3750240000,3.0,1740771301131
17,c601,1,229356,9,0.0,762468,6,0.0,1,"(0,0)",52,22,-11,12,-89,85.8,15,15,20.5,12345678,523,19,0,3750240000,3750240000,3.0,1740771302131
17,c601,1,229774,9,0.0,763942,6,0.0,1,"(0,0)",52,22,-11,11.5,-89,83.6,15,14,10.0,12345678,623,19,0,3750240000,3750240000,3.0,1740771303131
17,c601,1,230208,9,0.0,765416,6,0.0,1,"(0,0)",52,22,-11,12,-89,85.5,15,15,19.0,12345678,723,19,0,3750240000,3750240000,3.0,1740771304131
17,c601,1,230626,9,0.0,766890,6,0.0,1,"(0,0)",52,22,-11,12,-89,84.7,15,13,10.5,12345678,823,19,0,3750240000,3750240000,3.0,1740771305131
17,c601,1,231060,9,0.0,768364,6,0.0,1,"(0,0)",52,22,-11,12,-89,84.5,15,15,18.0,12345678,923,19,0,3750240000,3750240000,3.0,1740771306131
17,c601,1,231478,9,0.0,769705,6,0.0,1,"(0,0)",52,22,-11,12,-89,84.6,15,15,18.0,12345678,1023,19,0,3750240000,3750240000,3.0,1740771307131
17,c601,1,231912,9,0.0,771163,6,0.0,1,"(0,0)",52,22,-11,12,-89,83.8,15,15,9.0,12345678,99,19,0,3750240000,3750240000,3.0,1740771308131
17,c601,1,232330,9,0.0,772653,6,0.0,1,"(0,0)",52,22,-11,12,-89,84.5,15,14,18.5,12345678,199,19,0,3750240000,3750240000,3.2,1740771309131
17,c601,1,232764,9,0.0,774111,6,0.0,1,"(0,0)",52,22,-11,12,-89,84.7,15,13,10.0,12345678,299,19,0,3750240000,3750240000,3.1,1740771310131
17,c601,1,233182,9,0.0,775601,6,0.0,1,"(0,0)",52,22,-11,12,-89,84.8,15,16,18.0,12345678,399,19,0,3750240000,3750240000,3.0,1740771311131
17,c601,1,233616,9,0.0,776926,6,0.0,1,"(0,0)",52,22,-11,12,-89,85.6,15,14,19.0,12345678,499,19,0,3750240000,3750240000,3.0,1740771312131
17,c601,1,234034,9,0.0,778400,6,0.0,1,"(0,0)",52,22,-11,11.5,-89,83.7,15,15,16.5,12345678,599,19,0,3750240000,3750240000,3.1,1740771313131
17,c601,1,234468,9,0.0,779874,6,0.0,1,"(0,0)",52,22,-11,12,-89,84.7,15,17,17.5,12345678,699,19,0,3750240000,3750240000,3.0,1740771314131
17,c601,1,234886,9,0.0,781348,6,0.0,1,"(0,0)",52,22,-11,11.5,-89,83.6,15,13,17.0,12345678,799,19,0,3750240000,3750240000,3.0,1740771315131
17,c601,1,235320,9,0.0,782822,6,0.0,1,"(0,0)",52,22,-11,11.5,-89,84.4,15,15,16.5,12345678,899,19,0,3750240000,3750240000,3.1,1740771316131
17,c601,1,235738,9,0.0,784264,6,0.0,1,"(0,0)",52,22,-11,12,-89,84.3,15,15,18.0,12345678,999,19,0,3750240000,3750240000,3.0,1740771317131
17,c601,1,235955,9,0.0,785573,6,0.0,1,"(0,0)",52,22,-11,12,-89,85.4,15,14,18.5,12345678,75,19,0,3750240000,3750240000,3.2,1740771318131
17,c601,1,236389,9,0.0,787031,6,0.0,1,"(0,0)",52,22,-11,12,-89,84.7,15,15,9.5,12345678,175,19,0,3750240000,3750240000,3.0,1740771319131
17,c601,1,236807,9,0.0,788521,6,0.0,1,"(0,0)",52,22,-11,12,-89,85.5,15,14,19.5,12345678,275,19,0,3750240000,3750240000,3.2,1740771320131
17,c601,1,237241,9,0.0,789979,6,0.0,1,"(0,0)",52,22,-11,12,-89,86.0,15,15,12.0,12345678,375,19,0,3750240000,3750240000,3.1,1740771321131
17,c601,1,237659,9,0.0,791469,6,0.0,1,"(0,0)",52,22,-11,11.5,-89,85.5,15,13,19.0,12345678,475,19,0,3750240000,3750240000,3.0,1740771322131
17,c601,1,238093,9,0.0,792794,6,0.0,1,"(0,0)",52,22,-11,12,-89,85.5,15,14,18.0,12345678,575,19,0,3750240000,3750240000,3.1,1740771323131
17,c601,1,238511,9,0.0,794268,6,0.0,1,"(0,0)",52,22,-11,11.5,-89,85.1,15,14,10.5,12345678,675,19,0,3750240000,3750240000,3.2,1740771324131
17,c601,1,238945,9,0.0,795742,6,0.0,1,"(0,0)",52,22,-11,12,-89,85.6,15,14,19.0,12345678,775,19,0,3750240000,3750240000,3.0,1740771325131
17,c601,1,239363,9,0.0,797216,6,0.0,1,"(0,0)",52,22,-11,12,-89,84.7,15,14,11.0,12345678,875,19,0,3750240000,3750240000,3.0,1740771326131
17,c601,1,239797,9,0.0,798690,6,0.0,1,"(0,0)",52,22,-11,12.5,-89,85.6,15,15,18.5,12345678,975,19,0,3750240000,3750240000,3.0,1740771327131
17,c601,1,240215,9,0.0,800031,6,0.0,1,"(0,0)",52,22,-11,12,-89,85.5,15,14,18.5,12345678,51,19,0,3750240000,3750240000,3.0,1740771328131
17,c601,1,240649,9,0.0,801489,6,0.0,1,"(0,0)",52,22,-11,12,-89,84.7,15,14,10.5,12345678,151,19,0,3750240000,3750240000,3.2,1740771329131
17,c601,1,241067,9,0.0,802979,6,0.0,1,"(0,0)",52,22,-11,11.5,-89,86.0,15,14,20.0,12345678,251,19,0,3750240000,3750240000,3.0,1740771330131
17,c601,1,241501,9,0.0,804437,6,0.0,1,"(0,0)",52,22,-11,12,-89,84.7,15,17,11.0,12345678,351,19,0,3750240000,3750240000,3.0,1740771331131
17,c601,1,241919,9,0.0,805927,6,0.0,1,"(0,0)",52,22,-11,12,-89,85.7,15,15,18.0,12345678,451,19,0,3750240000,3750240000,3.1,1740771332131
17,c601,1,242353,9,0.0,807252,6,0.0,1,"(0,0)",52,22,-11,12,-89,85.5,15,15,18.5,12345678,551,19,0,3750240000,3750240000,3.1,1740771333131
17,c601,1,242771,9,0.0,808726,6,0.0,1,"(0,0)",52,22,-11,12,-89,85.5,15,15,11.0,12345678,651,19,0,3750240000,3750240000,3.1,1740771334131
17,c601,1,243205,9,0.0,810200,6,0.0,1,"(0,0)",52,22,-11,12,-89,85.6,15,14,18.5,12345678,751,19,0,3750240000,3750240000,3.1,1740771335131
17,c601,1,243623,9,0.0,811674,6,0.0,1,"(0,0)",52,22,-11,12,-89,84.8,15,15,10.5,12345678,851,19,0,3750240000,3750240000,3.0,1740771336131
17,c601,1,244057,9,0.0,813148,6,0.0,1,"(0,0)",52,22,-11,12,-89,85.8,15,14,19.0,12345678,951,19,0,3750240000,3750240000,3.1,1740771337131
17,c601,1,244475,9,0.0,814489,6,0.0,1,"(0,0)",52,22,-11,12,-89,85.7,15,14,19.0,12345678,27,19,0,3750240000,3750240000,3.0,1740771338131
17,c601,1,244909,9,0.0,815947,6,0.0,1,"(0,0)",52,22,-11,11.5,-89,84.8,15,14,10.5,12345678,127,19,0,3750240000,3750240000,3.2,1740771339131
17,c601,1,245327,9,0.0,817437,6,0.0,1,"(0,0)",52,22,-11,11.5,-89,85.5,15,14,18.0,12345678,227,19,0,3750240000,3750240000,3.0,1740771340131
17,c601,1,245761,9,0.0,818895,6,0.0,1,"(0,0)",52,22,-11,12,-89,85.4,15,13,11.5,12345678,327,19,0,3750240000,3750240000,3.0,1740771341131
17,c601,1,246179,9,0.0,820385,6,0.0,1,"(0,0)",52,22,-11,11.5,-89,85.8,15,15,19.0,12345678,427,19,0,3750240000,3750240000,3.0,1740771342131
17,c601,1,246613,9,0.0,821710,6,0.0,1,"(0,0)",52,22,-11,12,-89,85.7,15,17,19.0,12345678,527,19,0,3750240000,3750240000,3.0,1740771343131
17,c601,1,247031,9,0.0,823184,6,0.0,1,"(0,0)",52,22,-11,11.5,-89,84.8,15,17,10.5,12345678,627,19,0,3750240000,3750240000,3.0,1740771344131
17,c601,1,247465,9,0.0,824658,6,0.0,1,"(0,0)",52,22,-11,11.5,-89,85.5,15,14,18.5,12345678,727,19,0,3750240000,3750240000,3.1,1740771345131
17,c601,1,247883,9,0.0,826132,6,0.0,1,"(0,0)",52,22,-11,11.5,-89,86.0,15,13,12.0,12345678,827,19,0,3750240000,3750240000,3.1,1740771346131
17,c601,1,248317,9,0.0,827606,6,0.0,1,"(0,0)",52,22,-11,11.5,-89,85.6,15,14,19.5,12345678,927,19,0,3750240000,3750240000,3.0,1740771347131
17,c601,1,248735,9,0.0,828947,6,0.0,1,"(0,0)",52,22,-11,11.5,-89,84.7,15,14,17.5,12345678,3,19,0,3750240000,3750240000,3.1,1740771348131
17,c601,1,249169,9,0.0,830405,6,0.0,1,"(0,0)",52,22,-11,12,-89,84.6,15,15,11.0,12345678,103,19,0,3750240000,3750240000,3.1,1740771349131
17,c601,1,249587,9,0.0,831895,6,0.0,1,"(0,0)",52,22,-11,12,-89,85.4,15,14,18.5,12345678,203,19,0,3750240000,3750240000,3.0,1740771350131
17,c601,1,250021,9,0.0,833353,6,0.0,1,"(0,0)",52,22,-11,11.5,-89,85.0,15,14,11.0,12345678,303,19,0,3750240000,3750240000,3.0,1740771351131
17,c601,1,250439,9,0.0,834843,6,0.0,1,"(0,0)",52,22,-11,12,-89,85.6,15,14,18.5,12345678,403,19,0,3750240000,3750240000,3.0,1740771352131
17,c601,1,250873,9,0.0,836168,6,0.0,1,"(0,0)",52,22,-11,12,-89,85.6,15,16,19.5,12345678,503,19,0,3750240000,3750240000,3.1,1740771353131
17,c601,1,251291,9,0.0,837642,6,0.0,1,"(0,0)",52,22,-11,12,-89,83.9,15,13,10.0,12345678,603,19,0,3750240000,3750240000,3.3,1740771354131
17,c601,1,251725,9,0.0,839116,6,0.0,1,"(0,0)",52,22,-11,12,-89,84.6,15,15,18.0,12345678,703,19,0,3750240000,3750240000,3.0,1740771355131
17,c601,1,252143,9,0.0,840590,6,0.0,1,"(0,0)",52,22,-11,12,-89,84.3,15,15,9.5,12345678,803,19,0,3750240000,3750240000,3.1,1740771356131
17,c601,1,252577,9,0.0,842064,6,0.0,1,"(0,0)",52,22,-11,12,-89,84.6,15,15,17.5,12345678,903,19,0,3750240000,3750240000,3.2,1740771357131
17,c601,1,252995,9,0.0,843405,6,0.0,1,"(0,0)",52,22,-11,11.5,-89,84.6,15,14,19.0,12345678,1003,19,0,3750240000,3750240000,3.0,1740771358131
17,c601,1,253429,9,0.0,844863,6,0.0,1,"(0,0)",52,22,-11,11.5,-89,84.6,15,15,10.5,12345678,79,19,0,3750240000,3750240000,3.1,1740771359131
17,c601,1,253847,9,0.0,846353,6,0.0,1,"(0,0)",52,22,-11,11.5,-89,84.6,15,17,17.5,12345678,179,19,0,3750240000,3750240000,3.0,1740771360131
17,c601,1,254281,9,0.0,847811,6,0.0,1,"(0,0)",52,22,-11,12,-89,84.2,15,14,10.5,12345678,279,19,0,3750240000,3750240000,3.2,1740771361131
17,c601,1,254699,9,0.0,849301,6,0.0,1,"(0,0)",52,22,-11,11.5,-89,84.5,15,15,17.5,12345678,379,19,0,3750240000,3750240000,3.0,1740771362131
17,c601,1,255133,9,0.0,850626,6,0.0,1,"(0,0)",52,22,-11,11.5,-89,84.6,15,17,17.5,12345678,479,19,0,3750240000,3750240000,3.2,1740771363131
17,c601,1,255551,9,0.0,852100,6,0.0,1,"(0,0)",52,22,-11,12,-89,84.8,15,15,19.5,12345678,579,19,0,3750240000,3750240000,3.0,1740771364131
17,c601,1,255985,9,0.0,853574,6,0.0,1,"(0,0)",52,22,-11,12,-89,84.7,15,14,19.0,12345678,679,19,0,3750240000,3750240000,3.0,1740771365131
17,c601,1,256403,9,0.0,855048,6,0.0,1,"(0,0)",52,22,-11,11.5,-89,84.6,15,15,18.5,12345678,779,19,0,3750240000,3750240000,3.0,1740771366131
17,c601,1,256837,9,0.0,856522,6,0.0,1,"(0,0)",52,22,-11,12,-89,84.5,15,13,17.5,12345678,879,19,0,3750240000,3750240000,3.2,1740771367131
17,c601,1,257255,9,0.0,857964,6,0.0,1,"(0,0)",52,22,-11,12,-89,84.7,15,15,19.0,12345678,979,19,0,3750240000,3750240000,3.0,1740771368131
17,c601,1,257472,9,0.0,859273,6,0.0,1,"(0,0)",52,22,-11,12,-89,85.6,15,14,18.5,12345678,55,19,0,3750240000,3750240000,3.1,1740771369131
17,c601,1,257906,9,0.0,860731,6,0.0,1,"(0,0)",52,22,-11,12,-89,84.8,15,14,11.0,12345678,155,19,0,3750240000,3750240000,3.0,1740771370131
17,c601,1,258324,9,0.0,862221,6,0.0,1,"(0,0)",52,22,-11,12,-89,85.8,15,12,20.0,12345678,255,19,0,3750240000,3750240000,3.1,1740771371131
17,c601,1,258758,9,0.0,863679,6,0.0,1,"(0,0)",52,22,-11,11.5,-89,85.6,15,15,11.5,12345678,355,19,0,3750240000,3750240000,3.2,1740771372131
17,c601,1,260483,10,0.0,868155,7,0.0,1,"(0,0)",52,22,-11,11.5,-89,85.5,15,14,19.0,12345678,455,19,0,3750240000,3750240000,3.5,1740771373131
17,c601,1,260917,9,0.0,869652,7,0.0,1,"(0,0)",52,22,-11,12,-89,85.8,15,17,19.5,12345678,555,19,0,3750240000,3750240000,3.0,1740771374131
17,c601,1,261335,9,0.0,871314,7,0.0,1,"(0,0)",52,22,-11,11.5,-89,84.5,15,14,10.0,12345678,655,19,0,3750240000,3750240000,3.1,1740771375131
17,c601,1,261769,9,0.0,872976,7,0.0,1,"(0,0)",52,22,-11,11.5,-89,85.8,15,17,19.5,12345678,755,19,0,3750240000,3750240000,3.1,1740771376131
17,c601,1,262187,9,0.0,874638,7,0.0,1,"(0,0)",52,22,-11,12,-89,85.4,15,14,11.5,12345678,855,19,0,3750240000,3750240000,3.5,1740771377131
17,c601,1,262621,9,0.0,876300,7,0.0,1,"(0,0)",52,22,-11,12,-89,85.7,15,13,18.0,12345678,955,19,0,3750240000,3750240000,3.1,1740771378131
17,c601,1,263039,9,0.0,877809,7,0.0,1,"(0,0)",52,22,-11,12,-89,85.7,15,15,18.0,12345678,31,19,0,3750240000,3750240000,3.1,1740771379131
17,c601,1,263473,9,0.0,879459,7,0.0,1,"(0,0)",52,22,-11,12,-89,85.8,15,14,11.5,12345678,131,19,0,3750240000,3750240000,3.1,1740771380131
17,c601,1,263891,9,0.0,881133,7,0.0,1,"(0,0)",52,22,-11,12,-89,85.6,15,15,19.5,12345678,231,19,0,3750240000,3750240000,3.0,1740771381131
17,c601,1,264325,9,0.0,882783,7,0.0,1,"(0,0)",52,22,-11,12,-89,84.9,15,15,10.5,12345678,331,19,0,3750240000,3750240000,3.0,1740771382131
17,c601,1,264743,9,0.0,884457,7,0.0,1,"(0,0)",52,22,-11,12,-89,85.6,15,16,20.0,12345678,431,19,0,3750240000,3750240000,3.0,1740771383131
17,c601,1,265177,9,0.0,885954,7,0.0,1,"(0,0)",52,22,-11,12,-89,85.6,15,15,18.5,12345678,531,19,0,3750240000,3750240000,3.0,1740771384131
17,c601,1,265595,9,0.0,887616,7,0.0,1,"(0,0)",52,22,-11,12,-89,84.9,15,14,11.5,12345678,631,19,0,3750240000,3750240000,3.0,1740771385131
17,c601,1,266029,9,0.0,889278,7,0.0,1,"(0,0)",52,22,-11,12,-89,85.7,15,15,19.0,12345678,731,19,0,3750240000,3750240000,3.0,1740771386131
17,c601,1,266447,9,0.0,890940,7,0.0,1,"(0,0)",52,22,-11,11.5,-89,85.2,15,14,12.0,12345678,831,19,0,3750240000,3750240000,3.4,1740771387131
17,c601,1,266881,9,0.0,892602,7,0.0,1,"(0,0)",52,22,-11,11.5,-89,86.0,15,15,19.5,12345678,931,19,0,3750240000,3750240000,3.1,1740771388131
17,c601,1,267299,9,0.0,894111,7,0.0,1,"(0,0)",52,22,-11,12,-89,85.6,15,15,19.0,12345678,7,19,0,3750240000,3750240000,3.5,1740771389131
17,c601,1,267733,9,0.0,895761,7,0.0,1,"(0,0)",52,22,-11,12,-89,85.9,15,12,12.5,12345678,107,19,0,3750240000,3750240000,3.2,1740771390131
17,c601,1,268151,9,0.0,897435,7,0.0,1,"(0,0)",52,22,-11,12,-89,85.7,15,13,19.0,12345678,207,19,0,3750240000,3750240000,3.2,1740771391131
17,c601,1,268585,9,0.0,899085,7,0.0,1,"(0,0)",52,22,-11,12,-89,84.6,15,16,10.5,12345678,307,19,0,3750240000,3750240000,3.0,1740771392131
17,c601,1,269003,9,0.0,900759,7,0.0,1,"(0,0)",52,22,-11,11.5,-89,85.6,15,14,19.0,12345678,407,19,0,3750240000,3750240000,3.0,1740771393131
17,c601,1,269437,9,0.0,902256,7,0.0,1,"(0,0)",52,22,-11,11.5,-89,85.5,15,14,19.0,12345678,507,19,0,3750240000,3750240000,3.7,1740771394131
17,c601,1,269855,9,0.0,903918,7,0.0,1,"(0,0)",52,22,-11,11.5,-89,84.7,15,15,10.5,12345678,607,19,0,3750240000,3750240000,3.0,1740771395131
17,c601,1,270072,9,0.0,904944,7,0.0,1,"(0,0)",52,22,-11,12,-89,84.7,15,14,18.5,12345678,664,19,0,3750240000,3750240000,3.2,1740771396131
18,8f53,1,1382,9,0.09,2598,9,0.081,1,"(0,0)",48,22,-11,12.5,-89,103.1,15,40,2.5,12345678,508,18,0,3750240000,3750240000,3.1,1740771452460
18,8f53,1,1800,9,0.081,4716,9,0.028243,1,"(0,0)",46,22,-11,12,-89,105.3,15,38,38.0,12345678,608,18,0,3750240000,3750240000,3.0,1740771453460
18,8f53,1,2234,9,0.06561,6802,9,0.009848,1,"(0,0)",46,22,-11,12,-89,105.7,15,32,9.0,12345678,708,18,0,3750240000,3750240000,3.1,1740771454460
18,8f53,1,2652,9,0.053144,8920,9,0.003434,1,"(0,0)",48,22,-11,12,-89,103.2,15,33,37.5,12345678,808,18,0,3750240000,3750240000,3.0,1740771455460
18,8f53,1,3086,9,0.043047,11006,9,0.001197,1,"(0,0)",50,22,-11,11.5,-89,100.9,15,32,8.5,12345678,908,18,0,3750240000,3750240000,3.2,1740771456460
18,8f53,1,3504,9,0.034868,12915,9,0.000464,1,"(0,0)",50,22,-11,12,-89,99.9,15,30,33.5,12345678,1008,18,0,3750240000,3750240000,3.3,1740771457460
18,8f53,1,3938,9,0.028243,15017,9,0.000162,1,"(0,0)",52,22,-11,12,-89,98.0,15,29,31.0,12345678,84,18,0,3750240000,3750240000,3.0,1740771458460
18,8f53,1,4356,9,0.022877,17119,9,5.6e-05,1,"(0,0)",52,22,-11,12,-89,96.0,15,26,29.5,12345678,184,18,0,3750240000,3750240000,3.4,1740771459460
18,8f53,1,4790,9,0.01853,19221,9,2e-05,1,"(0,0)",52,22,-11,11.5,-89,93.7,15,24,27.0,12345678,284,18,0,3750240000,3750240000,3.7,1740771460460
18,8f53,1,5208,9,0.015009,21323,9,7e-06,1,"(0,0)",52,22,-11,11.5,-89,92.0,15,22,25.5,12345678,384,18,0,3750240000,3750240000,3.0,1740771461460
18,8f53,1,5425,9,0.013509,23333,9,2e-06,1,"(0,0)",52,22,-11,11.5,-89,89.0,15,21,8.5,12345678,484,18,0,3750240000,3750240000,3.7,1740771462460
18,8f53,1,5859,9,0.010942,25226,9,1e-06,1,"(0,0)",52,22,-11,12,-89,89.0,15,18,10.0,12345678,584,18,0,3750240000,3750240000,3.4,1740771463460
18,8f53,1,7397,10,0.007977,27337,8,0.181,1,"(0,0)",50,22,-11,12,-89,99.4,15,40,33.0,12345678,684,18,0,3750240000,3750240000,3.1,1740771464460
18,8f53,1,8233,9,0.006461,28914,6,0.314912,1,"(0,0)",52,22,-11,11.5,-89,85.2,15,37,18.0,12345678,784,18,0,3750240000,3750240000,3.0,1740771465460
18,8f53,1,8868,9,0.00471,30347,6,0.421982,1,"(0,0)",52,22,-11,12,-89,83.3,15,33,16.5,12345678,884,18,0,3750240000,3750240000,3.0,1740771466460
18,8f53,1,9487,9,0.003434,31953,6,0.398937,1,"(0,0)",52,22,-11,12,-89,83.6,15,32,16.5,12345678,984,18,0,3750240000,3750240000,3.0,1740771467460
18,8f53,1,10339,9,0.002503,33635,6,0.154556,1,"(0,0)",52,22,-11,12,-89,83.6,15,25,17.0,12345678,60,18,0,3750240000,3750240000,3.3,1740771468460
18,8f53,1,11175,9,0.001825,35349,6,0.05389,1,"(0,0)",52,22,-11,11.5,-89,81.3,15,24,14.0,12345678,160,18,0,3750240000,3750240000,3.7,1740771469460
18,8f53,1,11810,9,0.001478,36955,6,0.031704,1,"(0,0)",52,22,-11,11.5,-89,83.7,15,19,17.5,12345678,260,18,0,3750240000,3750240000,3.0,1740771470460
18,8f53,1,12863,9,0.00097,38338,6,0.012283,1,"(0,0)",52,22,-11,11.5,-89,84.4,15,18,17.0,12345678,360,18,0,3750240000,3750240000,3.1,1740771471460
18,8f53,1,13932,9,0.000636,39975,7,0.004759,1,"(0,0)",52,22,-11,12,-89,84.4,15,17,18.0,12345678,460,18,0,3750240000,3750240000,3.1,1740771472460
18,8f53,1,14985,9,0.000417,41826,8,0.002048,1,"(0,0)",52,22,-11,12,-89,83.6,15,17,16.0,12345678,560,18,0,3750240000,3750240000,3.4,1740771473460
18,8f53,1,15620,9,0.000304,43676,8,0.000794,1,"(0,0)",52,22,-11,12,-89,83.7,15,16,17.0,12345678,660,18,0,3750240000,3750240000,3.5,1740771474460
18,8f53,1,16223,9,0.000222,45598,8,0.000307,1,"(0,0)",52,22,-11,12,-89,84.4,15,16,16.0,12345678,760,18,0,3750240000,3750240000,3.0,1740771475460
18,8f53,1,17075,9,0.000146,47553,8,0.000119,1,"(0,0)",52,22,-11,12.5,-89,84.6,15,16,19.0,12345678,860,18,0,3750240000,3750240000,3.0,1740771476460
18,8f53,1,17895,9,9.6e-05,49500,8,4.6e-05,1,"(0,0)",52,22,-11,12,-89,84.1,15,16,9.0,12345678,960,18,0,3750240000,3750240000,3.3,1740771477460
18,8f53,1,18313,9,7.7e-05,51237,8,1.8e-05,1,"(0,0)",52,22,-11,11.5,-89,84.7,15,15,9.5,12345678,36,18,0,3750240000,3750240000,3.2,1740771478460
18,8f53,1,19366,9,5.6e-05,52911,8,7e-06,1,"(0,0)",52,22,-11,11.5,-89,83.9,15,16,16.5,12345678,136,18,0,3750240000,3750240000,3.0,1740771479460
18,8f53,1,20001,9,4.6e-05,54761,8,2e-06,1,"(0,0)",52,22,-11,11.5,-89,84.5,15,16,17.5,12345678,236,18,0,3750240000,3750240000,3.0,1740771480460
18,8f53,1,20620,9,3.7e-05,56595,8,1e-06,1,"(0,0)",52,22,-11,12,-89,85.2,15,15,18.5,12345678,336,18,0,3750240000,3750240000,3.2,1740771481460
18,8f53,1,21255,9,3e-05,58445,8,0.0,1,"(0,0)",52,22,-11,12,-89,84.6,15,16,17.0,12345678,436,18,0,3750240000,3750240000,3.1,1740771482460
18,8f53,1,21874,9,2.2e-05,60343,8,0.0,1,"(0,0)",52,22,-11,12,-89,83.3,15,15,17.0,12345678,536,18,0,3750240000,3750240000,3.0,1740771483460
18,8f53,1,22726,9,1.4e-05,62073,8,0.0,1,"(0,0)",52,22,-11,11.5,-89,84.5,15,18,18.5,12345678,636,18,0,3750240000,3750240000,3.4,1740771484460
18,8f53,1,23546,9,9e-06,63891,8,0.0,1,"(0,0)",52,22,-11,12,-89,83.5,15,16,17.5,12345678,736,18,0,3750240000,3750240000,3.0,1740771485460
18,8f53,1,23964,9,8e-06,65821,8,0.0,1,"(0,0)",52,22,-11,11.5,-89,85.6,15,15,18.0,12345678,836,18,0,3750240000,3750240000,3.7,1740771486460
18,8f53,1,24800,9,5e-06,67575,8,0.0,1,"(0,0)",52,22,-11,12,-89,83.7,15,15,17.0,12345678,936,18,0,3750240000,3750240000,3.1,1740771487460
18,8f53,1,25001,9,4e-06,69425,8,0.0,1,"(0,0)",52,22,-11,12,-89,85.8,15,15,11.0,12345678,12,18,0,3750240000,3750240000,3.4,1740771488460
18,8f53,1,25419,9,4e-06,71162,8,0.0,1,"(0,0)",52,22,-11,12,-89,84.8,15,16,9.5,12345678,112,18,0,3750240000,3750240000,3.0,1740771489460
18,8f53,1,25821,9,3e-06,73108,8,0.0,1,"(0,0)",52,22,-11,11.5,-89,85.4,15,16,18.0,12345678,212,18,0,3750240000,3750240000,3.3,1740771490460
18,8f53,1,26641,9,2e-06,75226,9,0.0,1,"(0,0)",52,22,-11,11.5,-89,83.7,15,16,17.0,12345678,312,18,0,3750240000,3750240000,3.3,1740771491460
18,8f53,1,27043,9,2e-06,77344,9,0.0,1,"(0,0)",52,22,-11,11.5,-89,85.6,15,16,19.0,12345678,412,18,0,3750240000,3750240000,3.1,1740771492460
18,8f53,1,27461,9,2e-06,79430,9,0.0,1,"(0,0)",52,22,-11,11.5,-89,85.4,15,15,10.0,12345678,512,18,0,3750240000,3750240000,4.3,1740771493460
18,8f53,1,27863,9,1e-06,81339,9,0.0,1,"(0,0)",52,22,-11,11.5,-89,86.0,15,15,11.0,12345678,612,18,0,3750240000,3750240000,3.0,1740771494460
18,8f53,1,28498,9,1e-06,83324,9,0.017715,1,"(0,0)",52,22,-11,12,-89,84.7,15,15,17.5,12345678,712,18,0,3750240000,3750240000,4.4,1740771495460
18,8f53,1,29117,9,1e-06,85325,9,0.006863,1,"(0,0)",52,22,-11,12,-89,84.5,15,16,18.0,12345678,812,18,0,3750240000,3750240000,3.4,1740771496460
18,8f53,1,29752,9,0.0,87030,6,0.109538,1,"(0,0)",52,22,-11,12,-89,84.5,15,16,17.5,12345678,912,18,0,3750240000,3750240000,4.3,1740771497460
18,8f53,1,30371,9,0.0,88479,6,0.042437,1,"(0,0)",52,22,-11,12,-89,84.6,15,15,18.0,12345678,1012,18,0,3750240000,3750240000,3.0,1740771498460
18,8f53,1,31006,9,0.0,89795,6,0.016441,1,"(0,0)",52,22,-11,11.5,-89,85.3,15,16,18.0,12345678,88,18,0,3750240000,3750240000,3.0,1740771499460
18,8f53,1,31625,9,0.0,91228,6,0.00637,1,"(0,0)",52,22,-11,12,-89,84.6,15,16,17.5,12345678,188,18,0,3750240000,3750240000,3.2,1740771500460
18,8f53,1,32244,9,0.0,92677,6,0.002468,1,"(0,0)",52,22,-11,12,-89,85.8,15,16,10.5,12345678,288,18,0,3750240000,3750240000,3.0,1740771501460
18,8f53,1,32646,9,0.0,94167,6,0.00086,1,"(0,0)",52,22,-11,11.5,-89,85.7,15,16,19.0,12345678,388,18,0,3750240000,3750240000,3.0,1740771502460
18,8f53,1,33281,9,0.0,95600,6,0.0003,1,"(0,0)",52,22,-11,12,-89,85.0,15,16,10.0,12345678,488,18,0,3750240000,3750240000,3.3,1740771503460
18,8f53,1,33683,9,0.0,96941,6,0.000116,1,"(0,0)",52,22,-11,12,-89,84.7,15,15,9.5,12345678,588,18,0,3750240000,3750240000,3.0,1740771504460
18,8f53,1,34101,9,0.0,98415,6,4.1e-05,1,"(0,0)",52,22,-11,12,-89,85.6,15,14,19.5,12345678,688,18,0,3750240000,3750240000,3.3,1740771505460
18,8f53,1,34503,9,0.0,99889,6,1.4e-05,1,"(0,0)",52,22,-11,12,-89,84.9,15,17,10.0,12345678,788,18,0,3750240000,3750240000,3.0,1740771506460
18,8f53,1,35122,9,0.0,101354,6,5e-06,1,"(0,0)",52,22,-11,12,-89,85.6,15,16,18.5,12345678,888,18,0,3750240000,3750240000,3.0,1740771507460
18,8f53,1,35524,9,0.0,102828,6,2e-06,1,"(0,0)",52,22,-11,11.5,-89,84.6,15,15,9.0,12345678,988,18,0,3750240000,3750240000,3.1,1740771508460
18,8f53,1,35942,9,0.0,104020,6,1e-06,1,"(0,0)",52,22,-11,11.5,-89,85.7,15,16,18.5,12345678,46,9,0,3750240000,3750240000,3.6,1740771509460
